code,name,sector,market
1301,極洋,水産・農林業,プライム（内国株式）
130A,Ｖｅｒｉｔａｓ　Ｉｎ　Ｓｉｌｉｃｏ,医薬品,グロース（内国株式）
1332,ニッスイ,水産・農林業,プライム（内国株式）
1333,Ｕｍｉｏｓ,水産・農林業,プライム（内国株式）
135A,ＶＲＡＩＮ　Ｓｏｌｕｔｉｏｎ,情報・通信業,グロース（内国株式）
1375,ユキグニファクトリー,水産・農林業,プライム（内国株式）
1376,カネコ種苗,水産・農林業,スタンダード（内国株式）
1377,サカタのタネ,水産・農林業,プライム（内国株式）
1379,ホクト,水産・農林業,プライム（内国株式）
137A,Ｃｏｃｏｌｉｖｅ,情報・通信業,グロース（内国株式）
1380,秋川牧園,水産・農林業,スタンダード（内国株式）
1381,アクシーズ,水産・農林業,スタンダード（内国株式）
1382,ホーブ,水産・農林業,スタンダード（内国株式）
1383,ベルグアース,水産・農林業,スタンダード（内国株式）
1384,ホクリヨウ,水産・農林業,スタンダード（内国株式）
138A,光フードサービス,小売業,グロース（内国株式）
1401,エムビーエス,建設業,グロース（内国株式）
1407,ウエストホールディングス,建設業,スタンダード（内国株式）
1414,ショーボンドホールディングス,建設業,プライム（内国株式）
1417,ミライト・ワン,建設業,プライム（内国株式）
1418,インターライフホールディングス,建設業,スタンダード（内国株式）
1419,タマホーム,建設業,プライム（内国株式）
141A,トライアルホールディングス,小売業,グロース（内国株式）
1420,サンヨーホームズ,建設業,スタンダード（内国株式）
1429,日本アクア,建設業,プライム（内国株式）
142A,ジンジブ,サービス業,グロース（内国株式）
1430,ファーストコーポレーション,建設業,スタンダード（内国株式）
1431,Ｌｉｂ　Ｗｏｒｋ,建設業,グロース（内国株式）
1433,ベステラ,建設業,プライム（内国株式）
1434,ＪＥＳＣＯホールディングス,建設業,スタンダード（内国株式）
1435,ｒｏｂｏｔ　ｈｏｍｅ,不動産業,スタンダード（内国株式）
1436,グリーンエナジー＆カンパニー,建設業,グロース（内国株式）
1438,岐阜造園,建設業,スタンダード（内国株式）
143A,イシン,サービス業,グロース（内国株式）
1443,技研ホールディングス,建設業,スタンダード（内国株式）
1444,ニッソウ,建設業,グロース（内国株式）
1446,キャンディル,建設業,スタンダード（内国株式）
1447,ＳＡＡＦホールディングス,建設業,グロース（内国株式）
1450,ＴＡＮＡＫＥＮ,建設業,スタンダード（内国株式）
145A,Ｌ　ｉｓ　Ｂ,情報・通信業,グロース（内国株式）
146A,コロンビア・ワークス,不動産業,スタンダード（内国株式）
147A,ソラコム,情報・通信業,グロース（内国株式）
148A,ハッチ・ワーク,情報・通信業,グロース（内国株式）
1491,中外鉱業,非鉄金属,スタンダード（内国株式）
149A,シンカ,情報・通信業,グロース（内国株式）
150A,ＪＳＨ,サービス業,グロース（内国株式）
1514,住石ホールディングス,鉱業,スタンダード（内国株式）
1515,日鉄鉱業,鉱業,プライム（内国株式）
1518,三井松島ホールディングス,その他製品,プライム（内国株式）
151A,ダイブグループ,サービス業,グロース（内国株式）
153A,カウリス,情報・通信業,グロース（内国株式）
155A,情報戦略テクノロジー,情報・通信業,グロース（内国株式）
156A,マテリアルグループ,サービス業,グロース（内国株式）
157A,グリーンモンスター,サービス業,グロース（内国株式）
1605,ＩＮＰＥＸ,鉱業,プライム（内国株式）
160A,アズパートナーズ,サービス業,スタンダード（内国株式）
1662,石油資源開発,鉱業,プライム（内国株式）
1663,Ｋ＆Ｏエナジーグループ,鉱業,プライム（内国株式）
166A,タスキホールディングス,不動産業,プライム（内国株式）
167A,リョーサン菱洋ホールディングス,卸売業,プライム（内国株式）
168A,イタミアート,その他製品,グロース（内国株式）
1711,ＳＤＳホールディングス,建設業,スタンダード（内国株式）
1716,第一カッター興業,建設業,スタンダード（内国株式）
1717,明豊ファシリティワークス,サービス業,スタンダード（内国株式）
1718,美樹工業,建設業,スタンダード（内国株式）
1719,安藤・間,建設業,プライム（内国株式）
1720,東急建設,建設業,プライム（内国株式）
1721,コムシスホールディングス,建設業,プライム（内国株式）
1723,日本電技,建設業,スタンダード（内国株式）
1724,シンクレイヤ,建設業,スタンダード（内国株式）
1736,オーテック,建設業,スタンダード（内国株式）
173A,ハンモック,情報・通信業,グロース（内国株式）
1758,太洋基礎工業,建設業,スタンダード（内国株式）
175A,Ｗｉｌｌ　Ｓｍａｒｔ,情報・通信業,グロース（内国株式）
1762,高松コンストラクショングループ,建設業,プライム（内国株式）
1764,工藤建設,建設業,スタンダード（内国株式）
1766,東建コーポレーション,建設業,プライム（内国株式）
1768,ソネック,建設業,スタンダード（内国株式）
1770,藤田エンジニアリング,建設業,スタンダード（内国株式）
177A,コージンバイオ,化学,グロース（内国株式）
1780,ヤマウラ,建設業,プライム（内国株式）
1783,ｆａｎｔａｓｉｓｔａ,不動産業,スタンダード（内国株式）
1786,オリエンタル白石,建設業,プライム（内国株式）
1787,ナカボーテック,建設業,スタンダード（内国株式）
1788,三東工業社,建設業,スタンダード（内国株式）
1793,大本組,建設業,スタンダード（内国株式）
1795,マサル,建設業,スタンダード（内国株式）
1798,守谷商会,建設業,スタンダード（内国株式）
1799,第一建設工業,建設業,スタンダード（内国株式）
1801,大成建設,建設業,プライム（内国株式）
1802,大林組,建設業,プライム（内国株式）
1803,清水建設,建設業,プライム（内国株式）
1807,佐藤渡辺,建設業,スタンダード（内国株式）
1808,長谷工コーポレーション,建設業,プライム（内国株式）
1810,松井建設,建設業,スタンダード（内国株式）
1811,錢高組,建設業,スタンダード（内国株式）
1812,鹿島建設,建設業,プライム（内国株式）
1813,不動テトラ,建設業,プライム（内国株式）
1814,大末建設,建設業,プライム（内国株式）
1815,鉄建建設,建設業,プライム（内国株式）
1820,西松建設,建設業,プライム（内国株式）
1822,大豊建設,建設業,スタンダード（内国株式）
1826,佐田建設,建設業,スタンダード（内国株式）
1827,ナカノフドー建設,建設業,スタンダード（内国株式）
1828,田辺工業,建設業,スタンダード（内国株式）
1833,奥村組,建設業,プライム（内国株式）
1835,東鉄工業,建設業,プライム（内国株式）
1840,土屋ホールディングス,建設業,スタンダード（内国株式）
1844,大盛工業,建設業,スタンダード（内国株式）
1847,イチケン,建設業,スタンダード（内国株式）
1848,富士ピー・エス,建設業,スタンダード（内国株式）
184A,学びエイド,情報・通信業,グロース（内国株式）
1850,南海辰村建設,建設業,スタンダード（内国株式）
1852,淺沼組,建設業,プライム（内国株式）
1853,森組,建設業,スタンダード（内国株式）
1860,戸田建設,建設業,プライム（内国株式）
1861,熊谷組,建設業,プライム（内国株式）
1866,北野建設,建設業,スタンダード（内国株式）
1867,植木組,建設業,スタンダード（内国株式）
186A,アストロスケールホールディングス,サービス業,グロース（内国株式）
1870,矢作建設工業,建設業,プライム（内国株式）
1871,ピーエス・コンストラクション,建設業,プライム（内国株式）
1873,日本ハウスホールディングス,建設業,プライム（内国株式）
1878,大東建託,不動産業,プライム（内国株式）
1879,新日本建設,建設業,プライム（内国株式）
1882,東亜道路工業,建設業,プライム（内国株式）
1885,東亜建設工業,建設業,プライム（内国株式）
1887,日本国土開発,建設業,プライム（内国株式）
1888,若築建設,建設業,プライム（内国株式）
1893,五洋建設,建設業,プライム（内国株式）
1897,金下建設,建設業,スタンダード（内国株式）
1898,世紀東急工業,建設業,プライム（内国株式）
1899,福田組,建設業,プライム（内国株式）
189A,Ｄ＆Ｍカンパニー,サービス業,グロース（内国株式）
1904,大成温調,建設業,スタンダード（内国株式）
1905,テノックス,建設業,スタンダード（内国株式）
1909,日本ドライケミカル,機械,スタンダード（内国株式）
190A,Ｃｈｏｒｄｉａ　Ｔｈｅｒａｐｅｕｔｉｃｓ,医薬品,グロース（内国株式）
1911,住友林業,建設業,プライム（内国株式）
1914,日本基礎技術,建設業,スタンダード（内国株式）
1921,巴コーポレーション,建設業,スタンダード（内国株式）
1925,大和ハウス工業,建設業,プライム（内国株式）
1926,ライト工業,建設業,プライム（内国株式）
1928,積水ハウス,建設業,プライム（内国株式）
1929,日特建設,建設業,プライム（内国株式）
192A,インテグループ,サービス業,グロース（内国株式）
1930,北陸電気工事,建設業,プライム（内国株式）
1934,ユアテック,建設業,プライム（内国株式）
1938,日本リーテック,建設業,プライム（内国株式）
1939,四電工,建設業,プライム（内国株式）
1941,中電工,建設業,プライム（内国株式）
1942,関電工,建設業,プライム（内国株式）
1944,きんでん,建設業,プライム（内国株式）
1945,東京エネシス,建設業,プライム（内国株式）
1946,トーエネック,建設業,プライム（内国株式）
1948,弘電社,建設業,スタンダード（内国株式）
194A,ＷＯＬＶＥＳ　ＨＡＮＤ,サービス業,グロース（内国株式）
1950,日本電設工業,建設業,プライム（内国株式）
1951,エクシオグループ,建設業,プライム（内国株式）
1952,新日本空調,建設業,プライム（内国株式）
1959,クラフティア,建設業,プライム（内国株式）
195A,ＭＵＳＣＡＴ　ＧＲＯＵＰ,サービス業,グロース（内国株式）
1960,サンテック,建設業,スタンダード（内国株式）
1961,三機工業,建設業,プライム（内国株式）
1963,日揮ホールディングス,建設業,プライム（内国株式）
1964,中外炉工業,建設業,プライム（内国株式）
1965,テクノ菱和,建設業,スタンダード（内国株式）
1966,高田工業所,建設業,スタンダード（内国株式）
1967,ヤマト,建設業,スタンダード（内国株式）
1968,太平電業,建設業,プライム（内国株式）
1969,高砂熱学工業,建設業,プライム（内国株式）
196A,ＭＦＳ,その他金融業,グロース（内国株式）
1972,三晃金属工業,建設業,スタンダード（内国株式）
1975,朝日工業社,建設業,プライム（内国株式）
1976,明星工業,建設業,プライム（内国株式）
1979,大氣社,建設業,プライム（内国株式）
197A,タウンズ,医薬品,スタンダード（内国株式）
1980,ダイダン,建設業,プライム（内国株式）
1981,協和日成,建設業,スタンダード（内国株式）
1982,日比谷総合設備,建設業,プライム（内国株式）
198A,ＰｏｓｔＰｒｉｍｅ,情報・通信業,グロース（内国株式）
1992,神田通信機,建設業,スタンダード（内国株式）
1994,高橋カーテンウォール工業,建設業,スタンダード（内国株式）
1997,暁飯島工業,建設業,スタンダード（内国株式）
2001,ニップン,食料品,プライム（内国株式）
2002,日清製粉グループ本社,食料品,プライム（内国株式）
2003,日東富士製粉,食料品,スタンダード（内国株式）
2004,昭和産業,食料品,プライム（内国株式）
2009,鳥越製粉,食料品,スタンダード（内国株式）
2053,中部飼料,食料品,プライム（内国株式）
2055,日和産業,食料品,スタンダード（内国株式）
205A,ロゴスホールディングス,建設業,グロース（内国株式）
2060,フィード・ワン,食料品,プライム（内国株式）
206A,ＰＲＩＳＭ　ＢｉｏＬａｂ,医薬品,グロース（内国株式）
208A,構造計画研究所ホールディングス,情報・通信業,スタンダード（内国株式）
2108,日本甜菜製糖,食料品,プライム（内国株式）
2109,ＤＭ三井製糖,食料品,プライム（内国株式）
2112,塩水港精糖,食料品,スタンダード（内国株式）
2114,フジ日本,食料品,スタンダード（内国株式）
2117,ウェルネオシュガー,食料品,プライム（内国株式）
211A,カドス・コーポレーション,建設業,スタンダード（内国株式）
2120,ＬＩＦＵＬＬ,サービス業,プライム（内国株式）
2121,ＭＩＸＩ,情報・通信業,プライム（内国株式）
2122,インタースペース,サービス業,スタンダード（内国株式）
2124,ジェイエイシーリクルートメント,サービス業,プライム（内国株式）
2127,日本Ｍ＆Ａセンターホールディングス,サービス業,プライム（内国株式）
212A,フィットイージー,サービス業,プライム（内国株式）
2130,メンバーズ,サービス業,プライム（内国株式）
2134,北浜キャピタルパートナーズ,サービス業,スタンダード（内国株式）
2136,ヒップ,サービス業,スタンダード（内国株式）
2138,クルーズ,情報・通信業,スタンダード（内国株式）
2139,中広,サービス業,スタンダード（内国株式）
2146,ＵＴグループ,サービス業,プライム（内国株式）
2148,アイティメディア,サービス業,プライム（内国株式）
2152,幼児活動研究会,サービス業,スタンダード（内国株式）
2153,Ｅ・Ｊホールディングス,サービス業,プライム（内国株式）
2154,オープンアップグループ,サービス業,プライム（内国株式）
2156,セーラー広告,サービス業,スタンダード（内国株式）
2157,コシダカホールディングス,サービス業,プライム（内国株式）
2158,ＦＲＯＮＴＥＯ,サービス業,グロース（内国株式）
215A,タイミー,サービス業,グロース（内国株式）
2160,ジーエヌアイグループ,医薬品,グロース（内国株式）
2163,アルトナー,サービス業,プライム（内国株式）
2164,地域新聞社,サービス業,スタンダード（内国株式）
2168,パソナグループ,サービス業,プライム（内国株式）
2169,ＣＤＳ,サービス業,スタンダード（内国株式）
2170,リンクアンドモチベーション,サービス業,プライム（内国株式）
2173,博展,サービス業,グロース（内国株式）
2175,エス・エム・エス,サービス業,プライム（内国株式）
2179,成学社,サービス業,スタンダード（内国株式）
2180,サニーサイドアップグループ,サービス業,スタンダード（内国株式）
2181,パーソルホールディングス,サービス業,プライム（内国株式）
2183,リニカル,サービス業,スタンダード（内国株式）
2185,シイエム・シイ,サービス業,スタンダード（内国株式）
2186,ソーバル,サービス業,スタンダード（内国株式）
218A,Ｌｉｂｅｒａｗａｒｅ,精密機器,グロース（内国株式）
2193,クックパッド,サービス業,スタンダード（内国株式）
2195,アミタホールディングス,サービス業,グロース（内国株式）
2198,アイ・ケイ・ケイホールディングス,サービス業,プライム（内国株式）
219A,Ｈｅａｒｔｓｅｅｄ,医薬品,グロース（内国株式）
2201,森永製菓,食料品,プライム（内国株式）
2204,中村屋,食料品,スタンダード（内国株式）
2206,江崎グリコ,食料品,プライム（内国株式）
2207,ｍｅｉｔｏ,食料品,プライム（内国株式）
2208,ブルボン,食料品,スタンダード（内国株式）
2209,井村屋グループ,食料品,プライム（内国株式）
220A,Ｆａｂｅｒ　Ｃｏｍｐａｎｙ,情報・通信業,スタンダード（内国株式）
2211,不二家,食料品,プライム（内国株式）
2212,山崎製パン,食料品,プライム（内国株式）
2215,第一屋製パン,食料品,スタンダード（内国株式）
2216,カンロ,食料品,スタンダード（内国株式）
2217,モロゾフ,食料品,プライム（内国株式）
2220,亀田製菓,食料品,プライム（内国株式）
2221,岩塚製菓,食料品,スタンダード（内国株式）
2222,寿スピリッツ,食料品,プライム（内国株式）
2224,コモ,食料品,スタンダード（内国株式）
2226,湖池屋,食料品,スタンダード（内国株式）
2229,カルビー,食料品,プライム（内国株式）
2264,森永乳業,食料品,プライム（内国株式）
2266,六甲バター,食料品,プライム（内国株式）
2267,ヤクルト本社,食料品,プライム（内国株式）
2268,Ｂ－Ｒ　サーティワン　アイスクリーム,食料品,スタンダード（内国株式）
2269,明治ホールディングス,食料品,プライム（内国株式）
2270,雪印メグミルク,食料品,プライム（内国株式）
2281,プリマハム,食料品,プライム（内国株式）
2282,日本ハム,食料品,プライム（内国株式）
2286,林兼産業,食料品,スタンダード（内国株式）
2288,丸大食品,食料品,プライム（内国株式）
228A,オプロ,情報・通信業,グロース（内国株式）
2291,福留ハム,食料品,スタンダード（内国株式）
2292,Ｓ　Ｆｏｏｄｓ,食料品,プライム（内国株式）
2293,滝沢ハム,食料品,スタンダード（内国株式）
2294,柿安本店,食料品,プライム（内国株式）
2296,伊藤ハム米久ホールディングス,食料品,プライム（内国株式）
2300,きょくとう,サービス業,スタンダード（内国株式）
2301,学情,サービス業,プライム（内国株式）
2303,ドーン,情報・通信業,スタンダード（内国株式）
2304,ＣＳＳホールディングス,サービス業,スタンダード（内国株式）
2305,スタジオアリス,サービス業,スタンダード（内国株式）
2307,クロスキャット,情報・通信業,プライム（内国株式）
2311,エプコ,サービス業,スタンダード（内国株式）
2315,ＣＡＩＣＡ　ＤＩＧＩＴＡＬ,情報・通信業,スタンダード（内国株式）
2317,システナ,情報・通信業,プライム（内国株式）
2321,ソフトフロントホールディングス,情報・通信業,グロース（内国株式）
2323,ｆｏｎｆｕｎ,情報・通信業,スタンダード（内国株式）
2325,ＮＪＳ,サービス業,プライム（内国株式）
2326,デジタルアーツ,情報・通信業,プライム（内国株式）
2327,日鉄ソリューションズ,情報・通信業,プライム（内国株式）
2329,東北新社,情報・通信業,スタンダード（内国株式）
2330,フォーサイド,情報・通信業,スタンダード（内国株式）
2331,ＡＬＳＯＫ,サービス業,プライム（内国株式）
2332,クエスト,情報・通信業,スタンダード（内国株式）
2334,イオレ,サービス業,グロース（内国株式）
2335,キューブシステム,情報・通信業,プライム（内国株式）
2337,いちご,不動産業,プライム（内国株式）
2338,クオンタムソリューションズ,情報・通信業,スタンダード（内国株式）
2340,極楽湯ホールディングス,サービス業,スタンダード（内国株式）
2341,アルバイトタイムス,サービス業,スタンダード（内国株式）
2342,トランスジェニックグループ,サービス業,スタンダード（内国株式）
2345,ＨＯＤＬ１,情報・通信業,スタンダード（内国株式）
2349,エヌアイデイ,情報・通信業,スタンダード（内国株式）
2351,ＡＳＪ,情報・通信業,スタンダード（内国株式）
2353,日本駐車場開発,不動産業,プライム（内国株式）
2354,ＹＥ　ＤＩＧＩＴＡＬ,情報・通信業,スタンダード（内国株式）
2359,コア,情報・通信業,プライム（内国株式）
2370,メディネット,サービス業,グロース（内国株式）
2371,カカクコム,サービス業,プライム（内国株式）
2373,ケア２１,サービス業,スタンダード（内国株式）
2375,ギグワークス,サービス業,スタンダード（内国株式）
2376,サイネックス,サービス業,スタンダード（内国株式）
2378,ルネサンス,サービス業,プライム（内国株式）
2379,ディップ,サービス業,プライム（内国株式）
2384,ＳＢＳホールディングス,陸運業,プライム（内国株式）
2385,総医研ホールディングス,サービス業,グロース（内国株式）
2388,ウェッジホールディングス,その他金融業,グロース（内国株式）
2391,プラネット,サービス業,スタンダード（内国株式）
2393,日本ケアサプライ,サービス業,スタンダード（内国株式）
2395,新日本科学,サービス業,プライム（内国株式）
2404,鉄人化ホールディングス,サービス業,スタンダード（内国株式）
2408,ＫＧ情報,サービス業,スタンダード（内国株式）
2410,キャリアデザインセンター,サービス業,プライム（内国株式）
2411,ゲンダイエージェンシー,情報・通信業,スタンダード（内国株式）
2413,エムスリー,サービス業,プライム（内国株式）
2415,ヒューマンホールディングス,サービス業,スタンダード（内国株式）
2418,ツカダ・グローバルホールディング,サービス業,スタンダード（内国株式）
241A,ＲＯＸＸ,情報・通信業,グロース（内国株式）
2424,ブラス,サービス業,スタンダード（内国株式）
2425,ケアサービス,サービス業,スタンダード（内国株式）
2428,ウェルネット,サービス業,スタンダード（内国株式）
2429,ワールドホールディングス,サービス業,プライム（内国株式）
2432,ディー・エヌ・エー,情報・通信業,プライム（内国株式）
2433,博報堂ＤＹホールディングス,サービス業,プライム（内国株式）
2435,シダー,サービス業,スタンダード（内国株式）
2436,共同ピーアール,サービス業,スタンダード（内国株式）
2437,Ｓｈｉｎｗａ　Ｗｉｓｅ　Ｈｏｌｄｉｎｇｓ,サービス業,スタンダード（内国株式）
2438,アスカネット,サービス業,グロース（内国株式）
2440,ぐるなび,サービス業,スタンダード（内国株式）
2445,タカミヤ,サービス業,スタンダード（内国株式）
2449,プラップジャパン,サービス業,スタンダード（内国株式）
244A,グロースエクスパートナーズ,情報・通信業,グロース（内国株式）
2454,オールアバウト,サービス業,スタンダード（内国株式）
2459,アウンコンサルティング,サービス業,スタンダード（内国株式）
245A,ＩＮＧＳ,小売業,グロース（内国株式）
2461,ファンコミュニケーションズ,サービス業,プライム（内国株式）
2462,ライク,サービス業,プライム（内国株式）
2464,Ａｏｂａ‐ＢＢＴ,サービス業,スタンダード（内国株式）
2469,ヒビノ,サービス業,スタンダード（内国株式）
246A,アスア,サービス業,グロース（内国株式）
2471,エスプール,サービス業,プライム（内国株式）
2475,ＷＤＢホールディングス,サービス業,プライム（内国株式）
2477,手間いらず,情報・通信業,スタンダード（内国株式）
2479,ジェイテック,サービス業,スタンダード（内国株式）
247A,Ａｉロボティクス,化学,グロース（内国株式）
2480,システム・ロケーション,情報・通信業,スタンダード（内国株式）
2481,タウンニュース社,サービス業,スタンダード（内国株式）
2483,翻訳センター,サービス業,スタンダード（内国株式）
2484,出前館,情報・通信業,スタンダード（内国株式）
2485,ティア,サービス業,スタンダード（内国株式）
2488,ＪＴＰ,サービス業,スタンダード（内国株式）
2489,アドウェイズ,サービス業,スタンダード（内国株式）
248A,キッズスター,情報・通信業,グロース（内国株式）
2491,バリューコマース,サービス業,プライム（内国株式）
2492,インフォマート,サービス業,プライム（内国株式）
2493,イーサポートリンク,サービス業,スタンダード（内国株式）
2497,ユナイテッド,サービス業,グロース（内国株式）
2498,オリエンタルコンサルタンツホールディングス,サービス業,スタンダード（内国株式）
2499,日本和装ホールディングス,サービス業,スタンダード（内国株式）
2501,サッポロビール,食料品,プライム（内国株式）
2502,アサヒグループホールディングス,食料品,プライム（内国株式）
2503,キリンホールディングス,食料品,プライム（内国株式）
250A,シマダヤ,食料品,スタンダード（内国株式）
2531,宝ホールディングス,食料品,プライム（内国株式）
2533,オエノンホールディングス,食料品,プライム（内国株式）
253A,ＥＴＳグループ,建設業,スタンダード（内国株式）
254A,ＡＩフュージョンキャピタルグループ,証券、商品先物取引業,スタンダード（内国株式）
255A,ジーエルテクノホールディングス,精密機器,スタンダード（内国株式）
256A,飛島ホールディングス,建設業,プライム（内国株式）
2573,北海道コカ・コーラボトリング,食料品,スタンダード（内国株式）
2579,コカ・コーラ　ボトラーズジャパンホールディングス,食料品,プライム（内国株式）
2585,ライフドリンク　カンパニー,食料品,プライム（内国株式）
2586,フルッタフルッタ,食料品,グロース（内国株式）
2587,サントリービバレッジ＆フード,食料品,プライム（内国株式）
2588,プレミアムウォーターホールディングス,食料品,スタンダード（内国株式）
2590,ダイドーグループホールディングス,食料品,プライム（内国株式）
2593,伊藤園,食料品,プライム（内国株式）
25935,伊藤園第１種優先株式,食料品,プライム（内国株式）
2594,キーコーヒー,食料品,プライム（内国株式）
2597,ユニカフェ,食料品,スタンダード（内国株式）
2602,日清オイリオグループ,食料品,プライム（内国株式）
2607,不二製油,食料品,プライム（内国株式）
2612,かどや製油,食料品,スタンダード（内国株式）
2613,Ｊ－オイルミルズ,食料品,プライム（内国株式）
261A,日水コン,サービス業,スタンダード（内国株式）
262A,インターメスティック,小売業,プライム（内国株式）
264A,Ｓｃｈｏｏ,サービス業,グロース（内国株式）
2652,まんだらけ,小売業,スタンダード（内国株式）
2653,イオン九州,小売業,スタンダード（内国株式）
2654,アスモ,小売業,スタンダード（内国株式）
2656,ベクターホールディングス,小売業,スタンダード（内国株式）
2659,サンエー,小売業,プライム（内国株式）
265A,Ｈｍｃｏｍｍ,情報・通信業,グロース（内国株式）
2664,カワチ薬品,小売業,プライム（内国株式）
2666,オートウェーブ,小売業,スタンダード（内国株式）
2667,イメージ　ワン,卸売業,スタンダード（内国株式）
2668,タビオ,卸売業,スタンダード（内国株式）
2669,カネ美食品,小売業,スタンダード（内国株式）
2670,エービーシー・マート,小売業,プライム（内国株式）
2673,夢みつけ隊,小売業,スタンダード（内国株式）
2674,ハードオフコーポレーション,小売業,プライム（内国株式）
2676,高千穂交易,卸売業,プライム（内国株式）
2678,アスクル,小売業,プライム（内国株式）
2681,ゲオホールディングス,小売業,プライム（内国株式）
2683,魚喜,小売業,スタンダード（内国株式）
2685,アンドエスティＨＤ,小売業,プライム（内国株式）
2687,シー・ヴイ・エス・ベイエリア,サービス業,スタンダード（内国株式）
2689,オルバヘルスケアホールディングス,卸売業,スタンダード（内国株式）
268A,リガク・ホールディングス,精密機器,プライム（内国株式）
2693,ＹＫＴ,卸売業,スタンダード（内国株式）
2694,焼肉坂井ホールディングス,小売業,スタンダード（内国株式）
2695,くら寿司,小売業,プライム（内国株式）
2698,キャンドゥ,小売業,スタンダード（内国株式）
269A,Ｓａｐｅｅｔ,情報・通信業,グロース（内国株式）
2700,木徳神糧,卸売業,スタンダード（内国株式）
2702,日本マクドナルドホールディングス,小売業,スタンダード（内国株式）
2705,大戸屋ホールディングス,小売業,スタンダード（内国株式）
2708,久世,卸売業,スタンダード（内国株式）
2721,ジェイホールディングス,卸売業,スタンダード（内国株式）
2722,ＩＫホールディングス,小売業,スタンダード（内国株式）
2726,パルグループホールディングス,小売業,プライム（内国株式）
2730,エディオン,小売業,プライム（内国株式）
2733,あらた,卸売業,プライム（内国株式）
2734,サーラコーポレーション,小売業,プライム（内国株式）
2735,ワッツ,小売業,スタンダード（内国株式）
2736,フェスタリアホールディングス,小売業,スタンダード（内国株式）
2737,トーメンデバイス,卸売業,プライム（内国株式）
2742,ハローズ,小売業,プライム（内国株式）
2747,北雄ラッキー,小売業,スタンダード（内国株式）
2749,ＪＰホールディングス,サービス業,プライム（内国株式）
274A,ガーデン,小売業,スタンダード（内国株式）
2750,石光商事,卸売業,スタンダード（内国株式）
2751,テンポスホールディングス,卸売業,スタンダード（内国株式）
2752,フジオフードグループ本社,小売業,プライム（内国株式）
2753,あみやき亭,小売業,プライム（内国株式）
2760,東京エレクトロン　デバイス,卸売業,プライム（内国株式）
2762,ＳＡＮＫＯ　ＭＡＲＫＥＴＩＮＧ　ＦＯＯＤＳ,小売業,スタンダード（内国株式）
2764,ひらまつ,小売業,スタンダード（内国株式）
2767,円谷フィールズホールディングス,卸売業,プライム（内国株式）
2768,双日,卸売業,プライム（内国株式）
2769,ヴィレッジヴァンガードコーポレーション,小売業,スタンダード（内国株式）
276A,ククレブ・アドバイザーズ,不動産業,グロース（内国株式）
2776,新都ホールディングス,卸売業,スタンダード（内国株式）
2778,パレモ・ホールディングス,小売業,スタンダード（内国株式）
277A,グロービング,サービス業,プライム（内国株式）
2780,コメ兵ホールディングス,小売業,スタンダード（内国株式）
2782,セリア,小売業,スタンダード（内国株式）
2784,アルフレッサ　ホールディングス,卸売業,プライム（内国株式）
2788,アップルインターナショナル,卸売業,スタンダード（内国株式）
2789,カルラ,小売業,スタンダード（内国株式）
278A,Ｔｅｒｒａ　Ｄｒｏｎｅ,精密機器,グロース（内国株式）
2790,ナフコ,小売業,スタンダード（内国株式）
2791,大黒天物産,小売業,プライム（内国株式）
2792,ハニーズホールディングス,小売業,プライム（内国株式）
2795,日本プリメックス,卸売業,スタンダード（内国株式）
2796,ファーマライズホールディングス,小売業,スタンダード（内国株式）
2798,ワイズテーブルコーポレーション,小売業,スタンダード（内国株式）
2801,キッコーマン,食料品,プライム（内国株式）
2802,味の素,食料品,プライム（内国株式）
2804,ブルドックソース,食料品,プライム（内国株式）
2805,ヱスビー食品,食料品,スタンダード（内国株式）
2806,ユタカフーズ,食料品,スタンダード（内国株式）
2809,キユーピー,食料品,プライム（内国株式）
280A,ＴＭＨ,卸売業,グロース（内国株式）
2810,ハウス食品グループ本社,食料品,プライム（内国株式）
2811,カゴメ,食料品,プライム（内国株式）
2813,和弘食品,食料品,スタンダード（内国株式）
2814,佐藤食品工業,食料品,スタンダード（内国株式）
2815,アリアケジャパン,食料品,プライム（内国株式）
2816,ダイショー,食料品,スタンダード（内国株式）
2818,ピエトロ,食料品,スタンダード（内国株式）
2819,エバラ食品工業,食料品,スタンダード（内国株式）
281A,インフォメティス,情報・通信業,グロース（内国株式）
2820,やまみ,食料品,スタンダード（内国株式）
2831,はごろもフーズ,食料品,スタンダード（内国株式）
285A,キオクシアホールディングス,電気機器,プライム（内国株式）
286A,ユカリア,サービス業,グロース（内国株式）
2871,ニチレイ,食料品,プライム（内国株式）
2872,セイヒョー,食料品,スタンダード（内国株式）
2874,横浜冷凍,卸売業,プライム（内国株式）
2875,東洋水産,食料品,プライム（内国株式）
2876,デルソーレ,食料品,スタンダード（内国株式）
2877,日東ベスト,食料品,スタンダード（内国株式）
287A,黒田グループ,卸売業,スタンダード（内国株式）
2882,イートアンドホールディングス,食料品,プライム（内国株式）
2883,大冷,食料品,スタンダード（内国株式）
2884,ヨシムラ・フード・ホールディングス,食料品,プライム（内国株式）
288A,ラクサス・テクノロジーズ,サービス業,グロース（内国株式）
2892,日本食品化工,食料品,スタンダード（内国株式）
2894,石井食品,食料品,スタンダード（内国株式）
2897,日清食品ホールディングス,食料品,プライム（内国株式）
2901,ウェルディッシュ,食料品,スタンダード（内国株式）
2903,シノブフーズ,食料品,スタンダード（内国株式）
2904,一正蒲鉾,食料品,スタンダード（内国株式）
2907,あじかん,食料品,スタンダード（内国株式）
2908,フジッコ,食料品,プライム（内国株式）
290A,Ｓｙｎｓｐｅｃｔｉｖｅ,情報・通信業,グロース（内国株式）
2910,ロック・フィールド,食料品,プライム（内国株式）
2911,旭松食品,食料品,スタンダード（内国株式）
2914,日本たばこ産業,食料品,プライム（内国株式）
2915,ケンコーマヨネーズ,食料品,プライム（内国株式）
2916,仙波糖化工業,食料品,スタンダード（内国株式）
2917,大森屋,食料品,スタンダード（内国株式）
2918,わらべや日洋ホールディングス,食料品,プライム（内国株式）
291A,リスキル,サービス業,グロース（内国株式）
2922,なとり,食料品,プライム（内国株式）
2923,サトウ食品,食料品,スタンダード（内国株式）
2924,イフジ産業,食料品,スタンダード（内国株式）
2926,篠崎屋,食料品,スタンダード（内国株式）
2927,ＡＦＣ－ＨＤアムスライフサイエンス,食料品,スタンダード（内国株式）
2929,ファーマフーズ,食料品,プライム（内国株式）
2930,北の達人コーポレーション,化学,プライム（内国株式）
2931,ユーグレナ,食料品,プライム（内国株式）
2932,ＳＴＩフードホールディングス,食料品,スタンダード（内国株式）
2933,紀文食品,食料品,プライム（内国株式）
2934,ジェイフロンティア,食料品,グロース（内国株式）
2935,ピックルスホールディングス,食料品,プライム（内国株式）
2936,ベースフード,食料品,グロース（内国株式）
2937,サンクゼール,食料品,グロース（内国株式）
2938,オカムラ食品工業,食料品,スタンダード（内国株式）
2961,日本調理機,金属製品,スタンダード（内国株式）
2962,テクニスコ,金属製品,スタンダード（内国株式）
296A,令和アカウンティング・ホールディングス,サービス業,グロース（内国株式）
2970,ＧＬＣ　ＧＲＯＵＰ,不動産業,スタンダード（内国株式）
2975,スター・マイカ・ホールディングス,不動産業,プライム（内国株式）
2978,ツクルバ,不動産業,グロース（内国株式）
297A,アルピコホールディングス,小売業,スタンダード（内国株式）
2980,ＳＲＥホールディングス,不動産業,プライム（内国株式）
2981,ランディックス,不動産業,グロース（内国株式）
2982,ＡＤワークスグループ,不動産業,プライム（内国株式）
2983,アールプランナー,不動産業,グロース（内国株式）
2984,ヤマイチエステート,不動産業,スタンダード（内国株式）
2986,ＬＡホールディングス,不動産業,グロース（内国株式）
298A,ＧＶＡ　ＴＥＣＨ,情報・通信業,グロース（内国株式）
2991,ランドネット,不動産業,スタンダード（内国株式）
2993,長栄,不動産業,スタンダード（内国株式）
2997,ストレージ王,不動産業,グロース（内国株式）
2998,クリアル,不動産業,グロース（内国株式）
2999,ホームポジション,不動産業,スタンダード（内国株式）
299A,クラシル,サービス業,グロース（内国株式）
3001,片倉工業,繊維製品,スタンダード（内国株式）
3002,グンゼ,繊維製品,プライム（内国株式）
3003,ヒューリック,不動産業,プライム（内国株式）
3004,神栄,卸売業,スタンダード（内国株式）
300A,ＭＩＣ,サービス業,スタンダード（内国株式）
3010,ポラリス・ホールディングス,サービス業,スタンダード（内国株式）
3011,バナーズ,小売業,スタンダード（内国株式）
3020,アプライド,小売業,スタンダード（内国株式）
3021,パシフィックネット,サービス業,スタンダード（内国株式）
3023,ラサ商事,卸売業,スタンダード（内国株式）
3024,クリエイト,卸売業,スタンダード（内国株式）
3028,アルペン,小売業,プライム（内国株式）
302A,ビースタイルホールディングス,サービス業,グロース（内国株式）
3030,ハブ,小売業,スタンダード（内国株式）
3031,ラクーンホールディングス,情報・通信業,プライム（内国株式）
3034,クオールホールディングス,小売業,プライム（内国株式）
3035,ケイティケイ,卸売業,スタンダード（内国株式）
3036,アルコニックス,卸売業,プライム（内国株式）
3038,神戸物産,卸売業,プライム（内国株式）
303A,ｖｉｓｕｍｏ,情報・通信業,グロース（内国株式）
3040,ソリトンシステムズ,情報・通信業,プライム（内国株式）
3041,ビューティカダンホールディングス,卸売業,スタンダード（内国株式）
3042,セキュアヴェイル,情報・通信業,スタンダード（内国株式）
3045,カワサキ,卸売業,スタンダード（内国株式）
3046,ジンズホールディングス,小売業,プライム（内国株式）
3048,ビックカメラ,小売業,プライム（内国株式）
304A,フォルシア,情報・通信業,グロース（内国株式）
3050,ＤＣＭホールディングス,小売業,プライム（内国株式）
3053,ペッパーフードサービス,小売業,スタンダード（内国株式）
3054,ハイパー,卸売業,スタンダード（内国株式）
3058,三洋堂ホールディングス,小売業,スタンダード（内国株式）
3059,ヒラキ,小売業,スタンダード（内国株式）
3063,ジェイグループホールディングス,小売業,グロース（内国株式）
3064,ＭｏｎｏｔａＲＯ,小売業,プライム（内国株式）
3065,ライフフーズ,小売業,スタンダード（内国株式）
3067,東京一番フーズ,小売業,スタンダード（内国株式）
3068,ＷＤＩ,小売業,スタンダード（内国株式）
3069,ＪＦＬＡホールディングス,食料品,スタンダード（内国株式）
3070,ジェリービーンズグループ,卸売業,グロース（内国株式）
3071,ストリーム,小売業,スタンダード（内国株式）
3075,銚子丸,小売業,スタンダード（内国株式）
3076,あい　ホールディングス,卸売業,プライム（内国株式）
3077,ホリイフードサービス,小売業,スタンダード（内国株式）
3080,ジェーソン,小売業,スタンダード（内国株式）
3082,きちりホールディングス,小売業,スタンダード（内国株式）
3083,スターシーズ,小売業,スタンダード（内国株式）
3086,Ｊ．フロント　リテイリング,小売業,プライム（内国株式）
3087,ドトール・日レスホールディングス,小売業,プライム（内国株式）
3088,マツキヨココカラ＆カンパニー,小売業,プライム（内国株式）
3089,テクノアルファ,卸売業,スタンダード（内国株式）
3091,ブロンコビリー,小売業,プライム（内国株式）
3092,ＺＯＺＯ,小売業,プライム（内国株式）
3093,トレジャー・ファクトリー,小売業,プライム（内国株式）
3096,オーシャンシステム,小売業,スタンダード（内国株式）
3097,物語コーポレーション,小売業,プライム（内国株式）
3099,三越伊勢丹ホールディングス,小売業,プライム（内国株式）
3101,東洋紡,化学,プライム（内国株式）
3103,ユニチカ,繊維製品,スタンダード（内国株式）
3104,富士紡ホールディングス,繊維製品,プライム（内国株式）
3105,日清紡ホールディングス,電気機器,プライム（内国株式）
3106,倉敷紡績,繊維製品,プライム（内国株式）
3107,ダイワボウホールディングス,卸売業,プライム（内国株式）
3109,シキボウ,繊維製品,プライム（内国株式）
3110,日東紡績,ガラス・土石製品,プライム（内国株式）
3111,オーミケンシ,繊維製品,スタンダード（内国株式）
3113,ＵＮＩＶＡ・Ｏａｋホールディングス,証券、商品先物取引業,スタンダード（内国株式）
3116,トヨタ紡織,輸送用機器,プライム（内国株式）
3121,マーチャント・バンカーズ,サービス業,スタンダード（内国株式）
3123,サイボー,繊維製品,スタンダード（内国株式）
3131,シンデン・ハイテックス,卸売業,スタンダード（内国株式）
3132,マクニカホールディングス,卸売業,プライム（内国株式）
3133,海帆,小売業,グロース（内国株式）
3134,Ｈａｍｅｅ,小売業,スタンダード（内国株式）
3135,マーケットエンタープライズ,小売業,スタンダード（内国株式）
3137,ファンデリー,小売業,スタンダード（内国株式）
3138,富士山マガジンサービス,小売業,スタンダード（内国株式）
3139,ラクト・ジャパン,卸売業,プライム（内国株式）
3140,ＢＲＵＮＯ,卸売業,グロース（内国株式）
3143,オーウイル,卸売業,スタンダード（内国株式）
3148,クリエイトＳＤホールディングス,小売業,プライム（内国株式）
3150,グリムス,電気・ガス業,プライム（内国株式）
3151,バイタルケーエスケー・ホールディングス,卸売業,プライム（内国株式）
3153,八洲電機,卸売業,プライム（内国株式）
3154,メディアスホールディングス,卸売業,プライム（内国株式）
3156,レスター,卸売業,プライム（内国株式）
3157,ジオリーブグループ,卸売業,スタンダード（内国株式）
3159,丸善ＣＨＩホールディングス,小売業,スタンダード（内国株式）
3160,大光,卸売業,スタンダード（内国株式）
3161,アゼアス,卸売業,スタンダード（内国株式）
3166,ＯＣＨＩホールディングス,卸売業,スタンダード（内国株式）
3167,ＴＯＫＡＩホールディングス,卸売業,プライム（内国株式）
3168,ＭＥＲＦ,卸売業,スタンダード（内国株式）
3169,ミサワ,小売業,スタンダード（内国株式）
3172,ティーライフ,小売業,スタンダード（内国株式）
3173,Ｃｏｍｉｎｉｘ,卸売業,スタンダード（内国株式）
3174,ハピネス・アンド・ディ,小売業,スタンダード（内国株式）
3175,エー・ピーホールディングス,小売業,スタンダード（内国株式）
3176,三洋貿易,卸売業,プライム（内国株式）
3177,ありがとうサービス,小売業,スタンダード（内国株式）
3178,チムニー,小売業,スタンダード（内国株式）
3179,シュッピン,小売業,プライム（内国株式）
3180,ビューティガレージ,卸売業,プライム（内国株式）
3181,買取王国,小売業,スタンダード（内国株式）
3182,オイシックス,小売業,プライム（内国株式）
3183,ウイン・パートナーズ,卸売業,プライム（内国株式）
3184,ＩＣＤＡホールディングス,小売業,スタンダード（内国株式）
3185,夢展望,小売業,グロース（内国株式）
3186,ネクステージ,小売業,プライム（内国株式）
3187,ミラタップ,小売業,グロース（内国株式）
3189,ＡＮＡＰホールディングス,小売業,スタンダード（内国株式）
3190,ホットマン,小売業,スタンダード（内国株式）
3191,ジョイフル本田,小売業,プライム（内国株式）
3192,白鳩,小売業,スタンダード（内国株式）
3193,エターナルホスピタリティグループ,小売業,プライム（内国株式）
3195,ジェネレーションパス,小売業,スタンダード（内国株式）
3196,ホットランドホールディングス,小売業,プライム（内国株式）
3197,すかいらーくホールディングス,小売業,プライム（内国株式）
3199,綿半ホールディングス,小売業,プライム（内国株式）
319A,技術承継機構,金属製品,グロース（内国株式）
3201,日本毛織,繊維製品,プライム（内国株式）
3202,ダイトウボウ,繊維製品,スタンダード（内国株式）
3204,トーア紡コーポレーション,繊維製品,スタンダード（内国株式）
3205,ダイドーリミテッド,繊維製品,スタンダード（内国株式）
3221,ヨシックスホールディングス,小売業,プライム（内国株式）
3222,ユナイテッド・スーパーマーケット・ホールディングス,小売業,スタンダード（内国株式）
3223,エスエルディー,小売業,スタンダード（内国株式）
3224,ゼネラル・オイスター,小売業,グロース（内国株式）
3231,野村不動産ホールディングス,不動産業,プライム（内国株式）
3232,三重交通グループホールディングス,不動産業,プライム（内国株式）
3236,プロパスト,不動産業,スタンダード（内国株式）
3237,イントランス,不動産業,グロース（内国株式）
3238,セントラル総合開発,不動産業,スタンダード（内国株式）
323A,フライヤー,情報・通信業,グロース（内国株式）
3241,ウィル,不動産業,スタンダード（内国株式）
3242,アーバネットコーポレーション,不動産業,スタンダード（内国株式）
3245,ディア・ライフ,不動産業,プライム（内国株式）
3246,コーセーアールイー,不動産業,スタンダード（内国株式）
3248,アールエイジ,不動産業,スタンダード（内国株式）
324A,ブッキングリゾート,サービス業,グロース（内国株式）
3252,地主,不動産業,プライム（内国株式）
325A,ＴＥＮＴＩＡＬ,繊維製品,グロース（内国株式）
3261,グランディーズ,不動産業,グロース（内国株式）
3266,ファンドクリエーショングループ,不動産業,スタンダード（内国株式）
3267,フィル・カンパニー,建設業,スタンダード（内国株式）
3276,ＪＰＭＣ,不動産業,プライム（内国株式）
3277,サンセイランディック,不動産業,スタンダード（内国株式）
3280,エストラスト,不動産業,スタンダード（内国株式）
3284,フージャースホールディングス,不動産業,プライム（内国株式）
3286,トラストホールディングス,不動産業,スタンダード（内国株式）
3288,オープンハウスグループ,不動産業,プライム（内国株式）
3289,東急不動産ホールディングス,不動産業,プライム（内国株式）
3291,飯田グループホールディングス,不動産業,プライム（内国株式）
3293,アズマハウス,不動産業,スタンダード（内国株式）
3297,東武住販,不動産業,スタンダード（内国株式）
3299,ムゲンエステート,不動産業,スタンダード（内国株式）
3300,アンビション　ＤＸ　ホールディングス,不動産業,グロース（内国株式）
3302,帝国繊維,繊維製品,プライム（内国株式）
3306,日本製麻,卸売業,スタンダード（内国株式）
330A,ＴａｌｅｎｔＸ,情報・通信業,グロース（内国株式）
3315,日本コークス工業,石油・石炭製品,プライム（内国株式）
3317,フライングガーデン,小売業,スタンダード（内国株式）
331A,メディックス,サービス業,スタンダード（内国株式）
3320,クロスプラス,卸売業,スタンダード（内国株式）
3321,ミタチ産業,卸売業,スタンダード（内国株式）
3323,レカム,卸売業,スタンダード（内国株式）
3326,ランシステム,サービス業,スタンダード（内国株式）
3329,東和フードサービス,小売業,スタンダード（内国株式）
332A,ミーク,情報・通信業,グロース（内国株式）
3333,あさひ,小売業,プライム（内国株式）
3349,コスモス薬品,小売業,プライム（内国株式）
334A,ビジュアル・プロセッシング・ジャパン,情報・通信業,グロース（内国株式）
3350,メタプラネット,卸売業,スタンダード（内国株式）
3352,バッファロー,小売業,スタンダード（内国株式）
3353,メディカル一光グループ,小売業,スタンダード（内国株式）
3355,クリヤマホールディングス,卸売業,スタンダード（内国株式）
3358,Ｔｒａｉｌｈｅａｄ　Ｇｌｏｂａｌ　Ｈｏｌｄｉｎｇｓ,小売業,スタンダード（内国株式）
3359,ｃｏｔｔａ,卸売業,グロース（内国株式）
335A,ミライロ,情報・通信業,グロース（内国株式）
3360,シップヘルスケアホールディングス,卸売業,プライム（内国株式）
3361,トーエル,小売業,スタンダード（内国株式）
336A,ダイナミックマッププラットフォーム,情報・通信業,グロース（内国株式）
3370,フジタコーポレーション,小売業,スタンダード（内国株式）
3371,ソフトクリエイトホールディングス,情報・通信業,プライム（内国株式）
3372,関門海,小売業,スタンダード（内国株式）
3374,内外テック,卸売業,スタンダード（内国株式）
3375,ＺＯＡ,小売業,スタンダード（内国株式）
3377,バイク王＆カンパニー,卸売業,スタンダード（内国株式）
3382,セブン＆アイ・ホールディングス,小売業,プライム（内国株式）
3386,コスモ・バイオ,卸売業,スタンダード（内国株式）
3387,クリエイト・レストランツ・ホールディングス,小売業,プライム（内国株式）
3388,明治電機工業,卸売業,プライム（内国株式）
338A,ＺｅｎｍｕＴｅｃｈ,情報・通信業,グロース（内国株式）
3391,ツルハホールディングス,小売業,プライム（内国株式）
3392,デリカフーズホールディングス,卸売業,スタンダード（内国株式）
3393,スターティアホールディングス,卸売業,プライム（内国株式）
3395,サンマルクホールディングス,小売業,プライム（内国株式）
3396,フェリシモ,小売業,スタンダード（内国株式）
3397,トリドールホールディングス,小売業,プライム（内国株式）
3399,丸千代山岡家,小売業,スタンダード（内国株式）
339A,プログレス・テクノロジーズ　グループ,サービス業,グロース（内国株式）
3401,帝人,繊維製品,プライム（内国株式）
3402,東レ,繊維製品,プライム（内国株式）
3405,クラレ,化学,プライム（内国株式）
3407,旭化成,化学,プライム（内国株式）
3409,北紡,繊維製品,スタンダード（内国株式）
340A,ジグザグ,情報・通信業,グロース（内国株式）
3415,ＴＯＫＹＯ　ＢＡＳＥ,小売業,プライム（内国株式）
3416,ピクスタ,小売業,スタンダード（内国株式）
3417,大木ヘルスケアホールディングス,卸売業,スタンダード（内国株式）
3418,バルニバービ,小売業,グロース（内国株式）
341A,トヨコー,建設業,グロース（内国株式）
3420,ケー・エフ・シー,金属製品,スタンダード（内国株式）
3421,稲葉製作所,金属製品,スタンダード（内国株式）
3422,Ｊ－ＭＡＸ,金属製品,スタンダード（内国株式）
3423,エスイー,金属製品,スタンダード（内国株式）
3426,アトムリビンテック,金属製品,スタンダード（内国株式）
3431,宮地エンジニアリンググループ,金属製品,プライム（内国株式）
3433,トーカロ,金属製品,プライム（内国株式）
3434,アルファＣｏ,金属製品,スタンダード（内国株式）
3435,サンコーテクノ,金属製品,スタンダード（内国株式）
3436,ＳＵＭＣＯ,金属製品,プライム（内国株式）
3437,特殊電極,金属製品,スタンダード（内国株式）
3439,三ツ知,金属製品,スタンダード（内国株式）
343A,ＩＡＣＥトラベル,サービス業,スタンダード（内国株式）
3440,日創グループ,金属製品,スタンダード（内国株式）
3441,山王,金属製品,スタンダード（内国株式）
3443,川田テクノロジーズ,金属製品,プライム（内国株式）
3444,菊池製作所,金属製品,スタンダード（内国株式）
3445,ＲＳ　Ｔｅｃｈｎｏｌｏｇｉｅｓ,金属製品,プライム（内国株式）
3446,ジェイテックコーポレーション,金属製品,スタンダード（内国株式）
3447,信和,金属製品,スタンダード（内国株式）
3449,テクノフレックス,金属製品,スタンダード（内国株式）
3452,ビーロット,不動産業,スタンダード（内国株式）
3454,ファーストブラザーズ,不動産業,スタンダード（内国株式）
3457,Ａｎｄ　Ｄｏホールディングス,不動産業,プライム（内国株式）
3461,パルマ,不動産業,スタンダード（内国株式）
3465,ケイアイスター不動産,不動産業,プライム（内国株式）
3467,アグレ都市デザイン,不動産業,スタンダード（内国株式）
3469,デュアルタップ,不動産業,スタンダード（内国株式）
3474,Ｇ－ＦＡＣＴＯＲＹ,不動産業,グロース（内国株式）
3475,グッドコムアセット,不動産業,プライム（内国株式）
3477,フォーライフ,不動産業,グロース（内国株式）
3479,ＴＫＰ,不動産業,グロース（内国株式）
3480,ジェイ・エス・ビー,不動産業,プライム（内国株式）
3482,ロードスターキャピタル,不動産業,プライム（内国株式）
3484,イノベーションホールディングス,不動産業,スタンダード（内国株式）
3486,グローバル・リンク・マネジメント,不動産業,プライム（内国株式）
3489,フェイスネットワーク,不動産業,スタンダード（内国株式）
3490,アズ企画設計,不動産業,スタンダード（内国株式）
3491,ＧＡ　ｔｅｃｈｎｏｌｏｇｉｅｓ,不動産業,グロース（内国株式）
3494,マリオン,不動産業,スタンダード（内国株式）
3495,香陵住販,不動産業,スタンダード（内国株式）
3496,アズーム,不動産業,プライム（内国株式）
3498,霞ヶ関キャピタル,不動産業,プライム（内国株式）
3501,ＳＵＭＩＮＯＥ,繊維製品,プライム（内国株式）
350A,デジタルグリッド,電気・ガス業,グロース（内国株式）
3512,日本フエルト,繊維製品,スタンダード（内国株式）
3513,イチカワ,繊維製品,スタンダード（内国株式）
3521,テルマー湯ホールディングス,サービス業,スタンダード（内国株式）
3524,日東製網,繊維製品,スタンダード（内国株式）
3529,アツギ,繊維製品,スタンダード（内国株式）
352A,ＬＯＩＶＥ,サービス業,グロース（内国株式）
3536,アクサスホールディングス,小売業,スタンダード（内国株式）
3537,昭栄薬品,卸売業,スタンダード（内国株式）
3538,ウイルプラスホールディングス,小売業,スタンダード（内国株式）
3539,ＪＭホールディングス,小売業,プライム（内国株式）
3542,ベガコーポレーション,小売業,グロース（内国株式）
3543,コメダホールディングス,卸売業,プライム（内国株式）
3544,サツドラホールディングス,小売業,スタンダード（内国株式）
3547,ユニシアホールディングス,小売業,スタンダード（内国株式）
3548,バロックジャパンリミテッド,小売業,プライム（内国株式）
3549,クスリのアオキホールディングス,小売業,スタンダード（内国株式）
3550,スタジオアタオ,小売業,グロース（内国株式）
3551,ダイニック,繊維製品,スタンダード（内国株式）
3553,共和レザー,化学,スタンダード（内国株式）
3556,リネットジャパングループ,小売業,グロース（内国株式）
3557,ユナイテッド＆コレクティブ,小売業,グロース（内国株式）
3558,ジェイドグループ,小売業,グロース（内国株式）
3559,ピーバンドットコム,卸売業,スタンダード（内国株式）
3560,ほぼ日,小売業,スタンダード（内国株式）
3561,力の源ホールディングス,小売業,プライム（内国株式）
3562,Ｎｏ．１,卸売業,スタンダード（内国株式）
3563,ＦＯＯＤ　＆　ＬＩＦＥ　ＣＯＭＰＡＮＩＥＳ,小売業,プライム（内国株式）
3565,アセンテック,卸売業,スタンダード（内国株式）
3566,ユニフォームネクスト,小売業,グロース（内国株式）
3569,セーレン,繊維製品,プライム（内国株式）
3571,ソトー,繊維製品,スタンダード（内国株式）
3577,東海染工,繊維製品,スタンダード（内国株式）
3580,小松マテーレ,繊維製品,プライム（内国株式）
3583,オーベクス,繊維製品,スタンダード（内国株式）
3591,ワコールホールディングス,繊維製品,プライム（内国株式）
3597,自重堂,繊維製品,スタンダード（内国株式）
3598,山喜,繊維製品,スタンダード（内国株式）
3600,フジックス,繊維製品,スタンダード（内国株式）
3607,クラウディアホールディングス,繊維製品,スタンダード（内国株式）
3608,ＴＳＩホールディングス,繊維製品,プライム（内国株式）
3611,マツオカコーポレーション,繊維製品,スタンダード（内国株式）
3612,ワールド,繊維製品,プライム（内国株式）
3622,ネットイヤーグループ,情報・通信業,スタンダード（内国株式）
3623,ビリングシステム,情報・通信業,グロース（内国株式）
3624,アクセルマーク,情報・通信業,グロース（内国株式）
3625,テックファームホールディングス,情報・通信業,グロース（内国株式）
3626,ＴＩＳＩ,情報・通信業,プライム（内国株式）
3627,テクミラホールディングス,情報・通信業,スタンダード（内国株式）
3628,データホライゾン,情報・通信業,グロース（内国株式）
3632,グリーホールディングス,情報・通信業,プライム（内国株式）
3633,ＧＭＯペパボ,情報・通信業,スタンダード（内国株式）
3634,ソケッツ,情報・通信業,スタンダード（内国株式）
3635,コーエーテクモホールディングス,情報・通信業,プライム（内国株式）
3636,三菱総合研究所,情報・通信業,プライム（内国株式）
3639,ボルテージ,情報・通信業,スタンダード（内国株式）
3640,電算,情報・通信業,スタンダード（内国株式）
3641,パピレス,情報・通信業,スタンダード（内国株式）
3645,メディカルネット,情報・通信業,グロース（内国株式）
3646,駅探,情報・通信業,スタンダード（内国株式）
3647,アスリナ,情報・通信業,スタンダード（内国株式）
3648,ＡＧＳ,情報・通信業,スタンダード（内国株式）
3649,ファインデックス,情報・通信業,プライム（内国株式）
3652,ディジタルメディアプロフェッショナル,情報・通信業,グロース（内国株式）
3653,モルフォ,情報・通信業,グロース（内国株式）
3656,ＫＬａｂ,情報・通信業,プライム（内国株式）
3657,ポールトゥウィンホールディングス,情報・通信業,プライム（内国株式）
3659,ネクソン,情報・通信業,プライム（内国株式）
365A,伊澤タオル,繊維製品,スタンダード（内国株式）
3660,アイスタイル,情報・通信業,プライム（内国株式）
3661,エムアップホールディングス,情報・通信業,プライム（内国株式）
3662,エイチームホールディングス,情報・通信業,プライム（内国株式）
3663,セルシス,情報・通信業,プライム（内国株式）
3664,ＷＩＺＥ,情報・通信業,グロース（内国株式）
3665,エニグモ,情報・通信業,プライム（内国株式）
3667,ｅｎｉｓｈ,情報・通信業,スタンダード（内国株式）
3668,コロプラ,情報・通信業,プライム（内国株式）
366A,ウェルネス・コミュニケーションズ,サービス業,グロース（内国株式）
3670,協立情報通信,情報・通信業,スタンダード（内国株式）
3671,ソフトマックス,情報・通信業,スタンダード（内国株式）
3672,オルトプラス,情報・通信業,スタンダード（内国株式）
3673,ブロードリーフ,情報・通信業,プライム（内国株式）
3674,オークファン,情報・通信業,グロース（内国株式）
3675,クロス・マーケティンググループ,情報・通信業,スタンダード（内国株式）
3676,デジタルハーツホールディングス,情報・通信業,プライム（内国株式）
3678,メディアドゥ,情報・通信業,プライム（内国株式）
3679,じげん,情報・通信業,プライム（内国株式）
367A,プリモグローバルホールディングス,小売業,スタンダード（内国株式）
3680,ホットリンク,情報・通信業,グロース（内国株式）
3682,エンカレッジ・テクノロジ,情報・通信業,スタンダード（内国株式）
3683,サイバーリンクス,情報・通信業,スタンダード（内国株式）
3686,ディー・エル・イー,情報・通信業,スタンダード（内国株式）
3687,フィックスターズ,情報・通信業,プライム（内国株式）
368A,北里,精密機器,プライム（内国株式）
3690,イルグルム,情報・通信業,スタンダード（内国株式）
3691,デジタルプラス,情報・通信業,グロース（内国株式）
3692,ＦＦＲＩセキュリティ,情報・通信業,グロース（内国株式）
3694,オプティム,情報・通信業,プライム（内国株式）
3695,ＧＭＯプロダクトプラットフォーム,情報・通信業,グロース（内国株式）
3696,セレス,情報・通信業,プライム（内国株式）
3697,ＳＨＩＦＴ,情報・通信業,プライム（内国株式）
3698,ＣＲＩ・ミドルウェア,情報・通信業,スタンダード（内国株式）
369A,エータイ,サービス業,グロース（内国株式）
3708,特種東海製紙,パルプ・紙,プライム（内国株式）
3710,ジョルダン,情報・通信業,スタンダード（内国株式）
3712,情報企画,情報・通信業,スタンダード（内国株式）
3719,ＡＩストーム,情報・通信業,スタンダード（内国株式）
3723,日本ファルコム,情報・通信業,グロース（内国株式）
3726,フォーシーズＨＤ,小売業,スタンダード（内国株式）
3727,アプリックス,情報・通信業,グロース（内国株式）
372A,レント,サービス業,スタンダード（内国株式）
3733,ソフトウェア・サービス,情報・通信業,スタンダード（内国株式）
373A,リップス,化学,グロース（内国株式）
3741,セック,情報・通信業,プライム（内国株式）
3744,サイオス,情報・通信業,スタンダード（内国株式）
3747,インタートレード,情報・通信業,スタンダード（内国株式）
3750,ＡＤＲバイオメディカルホールディングス,情報・通信業,スタンダード（内国株式）
3753,フライトソリューションズ,情報・通信業,スタンダード（内国株式）
3758,アエリア,情報・通信業,スタンダード（内国株式）
3760,ケイブ,情報・通信業,スタンダード（内国株式）
3762,テクマトリックス,情報・通信業,プライム（内国株式）
3763,プロシップ,情報・通信業,プライム（内国株式）
3765,ガンホー・オンライン・エンターテイメント,情報・通信業,プライム（内国株式）
3766,システムズ・デザイン,情報・通信業,スタンダード（内国株式）
3768,リスクモンスター,情報・通信業,スタンダード（内国株式）
3769,ＧＭＯペイメントゲートウェイ,情報・通信業,プライム（内国株式）
3771,システムリサーチ,情報・通信業,プライム（内国株式）
3772,ウェルス・マネジメント,不動産業,スタンダード（内国株式）
3773,アドバンスト・メディア,情報・通信業,グロース（内国株式）
3774,インターネットイニシアティブ,情報・通信業,プライム（内国株式）
3776,ブロードバンドタワー,情報・通信業,スタンダード（内国株式）
3777,環境フレンドリーホールディングス,情報・通信業,グロース（内国株式）
3778,さくらインターネット,情報・通信業,プライム（内国株式）
3779,ジェイ・エスコムホールディングス,情報・通信業,スタンダード（内国株式）
3787,テクノマセマティカル,情報・通信業,スタンダード（内国株式）
3788,ＧＭＯグローバルサイン・ホールディングス,情報・通信業,プライム（内国株式）
378A,ヒット,サービス業,グロース（内国株式）
3791,ＩＧポート,情報・通信業,スタンダード（内国株式）
3793,ドリコム,情報・通信業,グロース（内国株式）
3796,いい生活,情報・通信業,スタンダード（内国株式）
3798,ＵＬＳグループ,情報・通信業,スタンダード（内国株式）
3799,キーウェアソリューションズ,情報・通信業,スタンダード（内国株式）
3800,ユニリタ,情報・通信業,スタンダード（内国株式）
3802,エコミック,情報・通信業,スタンダード（内国株式）
3803,イメージ情報開発,情報・通信業,グロース（内国株式）
3804,システム　ディ,情報・通信業,スタンダード（内国株式）
3807,フィスコ,情報・通信業,グロース（内国株式）
3810,サイバーステップホールディングス,情報・通信業,スタンダード（内国株式）
3815,メディア工房,情報・通信業,グロース（内国株式）
3816,大和コンピューター,情報・通信業,スタンダード（内国株式）
3817,ＳＲＡホールディングス,情報・通信業,プライム（内国株式）
3823,ＴＨＥ　ＷＨＹ　ＨＯＷ　ＤＯ　ＣＯＭＰＡＮＹ,情報・通信業,スタンダード（内国株式）
3825,リミックスポイント,小売業,スタンダード（内国株式）
3826,システムインテグレータ,情報・通信業,スタンダード（内国株式）
3834,朝日ネット,情報・通信業,プライム（内国株式）
3835,ｅＢＡＳＥ,情報・通信業,プライム（内国株式）
3836,アバントグループ,情報・通信業,プライム（内国株式）
3837,アドソル日進,情報・通信業,プライム（内国株式）
3839,ＯＤＫソリューションズ,情報・通信業,スタンダード（内国株式）
3840,パス,情報・通信業,スタンダード（内国株式）
3841,ジーダット,情報・通信業,スタンダード（内国株式）
3842,ネクストジェン,情報・通信業,スタンダード（内国株式）
3843,フリービット,情報・通信業,プライム（内国株式）
3844,コムチュア,情報・通信業,プライム（内国株式）
3845,アイフリークモバイル,情報・通信業,スタンダード（内国株式）
3848,データ・アプリケーション,情報・通信業,スタンダード（内国株式）
3850,エヌ・ティ・ティ・データ・イントラマート,情報・通信業,スタンダード（内国株式）
3851,日本一ソフトウェア,情報・通信業,スタンダード（内国株式）
3853,アステリア,情報・通信業,プライム（内国株式）
3854,アイル,情報・通信業,プライム（内国株式）
3856,Ａｂａｌａｎｃｅ,電気機器,スタンダード（内国株式）
3858,ユビキタスＡＩ,情報・通信業,スタンダード（内国株式）
3861,王子ホールディングス,パルプ・紙,プライム（内国株式）
3863,日本製紙,パルプ・紙,プライム（内国株式）
3864,三菱製紙,パルプ・紙,プライム（内国株式）
3865,北越コーポレーション,パルプ・紙,プライム（内国株式）
386A,みのや,小売業,スタンダード（内国株式）
3877,中越パルプ工業,パルプ・紙,プライム（内国株式）
3878,巴川コーポレーション,化学,スタンダード（内国株式）
387A,フラー,情報・通信業,グロース（内国株式）
3880,大王製紙,パルプ・紙,プライム（内国株式）
3891,ニッポン高度紙工業,パルプ・紙,スタンダード（内国株式）
3892,岡山製紙,パルプ・紙,スタンダード（内国株式）
3895,ハビックス,パルプ・紙,スタンダード（内国株式）
3896,阿波製紙,パルプ・紙,スタンダード（内国株式）
3900,クラウドワークス,情報・通信業,グロース（内国株式）
3901,マークラインズ,情報・通信業,プライム（内国株式）
3903,ｇｕｍｉ,情報・通信業,プライム（内国株式）
3904,カヤック,情報・通信業,グロース（内国株式）
3905,データセクション,情報・通信業,グロース（内国株式）
3907,シリコンスタジオ,情報・通信業,スタンダード（内国株式）
3908,コラボス,情報・通信業,スタンダード（内国株式）
3909,ショーケース,情報・通信業,スタンダード（内国株式）
3910,エムケイシステム,情報・通信業,スタンダード（内国株式）
3911,Ａｉｍｉｎｇ,情報・通信業,グロース（内国株式）
3912,モバイルファクトリー,情報・通信業,スタンダード（内国株式）
3913,ＧｒｅｅｎＢｅｅ,情報・通信業,スタンダード（内国株式）
3914,ＪＩＧ－ＳＡＷ,情報・通信業,グロース（内国株式）
3915,テラスカイ,情報・通信業,プライム（内国株式）
3916,デジタル・インフォメーション・テクノロジー,情報・通信業,プライム（内国株式）
3917,アイリッジ,情報・通信業,グロース（内国株式）
3918,ＰＣＩホールディングス,情報・通信業,スタンダード（内国株式）
3920,アイビーシー,情報・通信業,スタンダード（内国株式）
3921,ネオジャパン,情報・通信業,プライム（内国株式）
3922,ＰＲ　ＴＩＭＥＳ,情報・通信業,プライム（内国株式）
3923,ラクス,情報・通信業,プライム（内国株式）
3925,ダブルスタンダード,情報・通信業,プライム（内国株式）
3926,オープンドア,情報・通信業,スタンダード（内国株式）
3927,フーバーブレイン,情報・通信業,スタンダード（内国株式）
3928,マイネット,情報・通信業,スタンダード（内国株式）
3929,ソーシャルワイヤー,情報・通信業,グロース（内国株式）
3930,はてな,情報・通信業,グロース（内国株式）
3931,バリューゴルフ,情報・通信業,グロース（内国株式）
3932,アカツキ,情報・通信業,プライム（内国株式）
3933,チエル,情報・通信業,スタンダード（内国株式）
3934,ベネフィットジャパン,情報・通信業,スタンダード（内国株式）
3935,エディア,情報・通信業,スタンダード（内国株式）
3936,グローバルウェイ,情報・通信業,グロース（内国株式）
3937,Ｕｂｉｃｏｍホールディングス,情報・通信業,スタンダード（内国株式）
3939,カナミックネットワーク,情報・通信業,プライム（内国株式）
3940,ノムラシステムコーポレーション,情報・通信業,スタンダード（内国株式）
3941,レンゴー,パルプ・紙,プライム（内国株式）
3943,大石産業,パルプ・紙,スタンダード（内国株式）
3944,古林紙工,パルプ・紙,スタンダード（内国株式）
3945,スーパーバッグ,パルプ・紙,スタンダード（内国株式）
3946,トーモク,パルプ・紙,プライム（内国株式）
3947,ダイナパック,パルプ・紙,スタンダード（内国株式）
3948,光ビジネスフォーム,パルプ・紙,スタンダード（内国株式）
3950,ザ・パック,パルプ・紙,プライム（内国株式）
3951,朝日印刷,パルプ・紙,スタンダード（内国株式）
3953,大村紙業,パルプ・紙,スタンダード（内国株式）
3954,昭和パックス,パルプ・紙,スタンダード（内国株式）
3955,イムラ,パルプ・紙,スタンダード（内国株式）
3958,笹徳印刷,パルプ・紙,スタンダード（内国株式）
3962,チェンジホールディングス,情報・通信業,プライム（内国株式）
3963,シンクロ・フード,情報・通信業,プライム（内国株式）
3964,オークネット,情報・通信業,プライム（内国株式）
3965,キャピタル・アセット・プランニング,情報・通信業,スタンダード（内国株式）
3967,エルテス,情報・通信業,グロース（内国株式）
3968,セグエグループ,情報・通信業,プライム（内国株式）
3969,エイトレッド,情報・通信業,スタンダード（内国株式）
3970,イノベーション,情報・通信業,スタンダード（内国株式）
3974,ＳＣＡＴ,情報・通信業,スタンダード（内国株式）
3976,シャノン,情報・通信業,グロース（内国株式）
3979,うるる,情報・通信業,グロース（内国株式）
3981,ビーグリー,情報・通信業,スタンダード（内国株式）
3983,オロ,情報・通信業,プライム（内国株式）
3984,ユーザーローカル,情報・通信業,プライム（内国株式）
3985,テモナ,情報・通信業,スタンダード（内国株式）
3986,ビーブレイクシステムズ,情報・通信業,スタンダード（内国株式）
3987,エコモット,情報・通信業,グロース（内国株式）
3988,ＳＹＳホールディングス,情報・通信業,スタンダード（内国株式）
3989,シェアリングテクノロジー,情報・通信業,グロース（内国株式）
3991,ウォンテッドリー,情報・通信業,グロース（内国株式）
3992,ニーズウェル,情報・通信業,プライム（内国株式）
3993,ＰＫＳＨＡ　Ｔｅｃｈｎｏｌｏｇｙ,情報・通信業,プライム（内国株式）
3994,マネーフォワード,情報・通信業,プライム（内国株式）
3996,サインポスト,情報・通信業,スタンダード（内国株式）
3997,トレードワークス,情報・通信業,スタンダード（内国株式）
3998,すららネット,情報・通信業,グロース（内国株式）
4004,レゾナック・ホールディングス,化学,プライム（内国株式）
4005,住友化学,化学,プライム（内国株式）
4008,住友精化,化学,プライム（内国株式）
4011,ヘッドウォータース,情報・通信業,グロース（内国株式）
4012,アクシス,情報・通信業,スタンダード（内国株式）
4013,勤次郎,情報・通信業,グロース（内国株式）
4014,カラダノート,情報・通信業,グロース（内国株式）
4015,ペイクラウドホールディングス,情報・通信業,グロース（内国株式）
4016,ＭＩＴホールディングス,情報・通信業,スタンダード（内国株式）
4017,クリーマ,情報・通信業,グロース（内国株式）
4019,スタメン,情報・通信業,グロース（内国株式）
4020,ビートレンド,情報・通信業,グロース（内国株式）
4021,日産化学,化学,プライム（内国株式）
4022,ラサ工業,化学,プライム（内国株式）
4023,クレハ,化学,プライム（内国株式）
4025,多木化学,化学,プライム（内国株式）
4026,神島化学工業,ガラス・土石製品,スタンダード（内国株式）
4027,テイカ,化学,プライム（内国株式）
4028,石原産業,化学,プライム（内国株式）
402A,アクセルスペースホールディングス,輸送用機器,グロース（内国株式）
4031,片倉コープアグリ,化学,スタンダード（内国株式）
4040,南海化学,化学,スタンダード（内国株式）
4041,日本曹達,化学,プライム（内国株式）
4042,東ソー,化学,プライム（内国株式）
4043,トクヤマ,化学,プライム（内国株式）
4044,セントラル硝子,化学,プライム（内国株式）
4045,東亞合成,化学,プライム（内国株式）
4046,大阪ソーダ,化学,プライム（内国株式）
4047,関東電化工業,化学,プライム（内国株式）
4051,ＧＭＯフィナンシャルゲート,情報・通信業,プライム（内国株式）
4052,フィーチャ,情報・通信業,グロース（内国株式）
4053,Ｓｕｎ　Ａｓｔｅｒｉｓｋ,情報・通信業,プライム（内国株式）
4054,日本情報クリエイト,情報・通信業,グロース（内国株式）
4055,ティアンドエスグループ,情報・通信業,グロース（内国株式）
4056,ニューラルグループ,情報・通信業,グロース（内国株式）
4057,インターファクトリー,情報・通信業,グロース（内国株式）
4058,トヨクモ,情報・通信業,グロース（内国株式）
4059,まぐまぐ,情報・通信業,スタンダード（内国株式）
4060,ｒａｋｕｍｏ,情報・通信業,グロース（内国株式）
4061,デンカ,化学,プライム（内国株式）
4062,イビデン,電気機器,プライム（内国株式）
4063,信越化学工業,化学,プライム（内国株式）
4064,日本カーバイド工業,化学,プライム（内国株式）
4068,ベイシス,情報・通信業,グロース（内国株式）
4069,ＢｌｕｅＭｅｍｅ,情報・通信業,グロース（内国株式）
4071,プラスアルファ・コンサルティング,情報・通信業,プライム（内国株式）
4072,電算システムホールディングス,情報・通信業,プライム（内国株式）
4073,ジィ・シィ企画,情報・通信業,グロース（内国株式）
4074,ラキール,情報・通信業,グロース（内国株式）
4075,ブレインズテクノロジー,情報・通信業,グロース（内国株式）
4076,シイエヌエス,情報・通信業,グロース（内国株式）
4078,堺化学工業,化学,プライム（内国株式）
407A,ＵＮＩＣＯＮホールディングス,建設業,スタンダード（内国株式）
4082,第一稀元素化学工業,化学,プライム（内国株式）
4088,エア・ウォーター,化学,プライム（内国株式）
4091,日本酸素ホールディングス,化学,プライム（内国株式）
4092,日本化学工業,化学,プライム（内国株式）
4093,東邦アセチレン,化学,スタンダード（内国株式）
4094,日本化学産業,化学,スタンダード（内国株式）
4095,日本パーカライジング,化学,プライム（内国株式）
4097,高圧ガス工業,化学,プライム（内国株式）
4098,チタン工業,化学,スタンダード（内国株式）
4099,四国化成ホールディングス,化学,プライム（内国株式）
409A,オリオンビール,食料品,プライム（内国株式）
4100,戸田工業,化学,スタンダード（内国株式）
4102,丸尾カルシウム,化学,スタンダード（内国株式）
4107,伊勢化学工業,化学,スタンダード（内国株式）
4109,ステラ　ケミファ,化学,プライム（内国株式）
410A,ＧＭＯコマース,サービス業,グロース（内国株式）
4112,保土谷化学工業,化学,プライム（内国株式）
4113,田岡化学工業,化学,スタンダード（内国株式）
4114,日本触媒,化学,プライム（内国株式）
4116,大日精化工業,化学,プライム（内国株式）
4118,カネカ,化学,プライム（内国株式）
4119,日本ピグメントホールディングス,化学,スタンダード（内国株式）
4120,スガイ化学工業,化学,スタンダード（内国株式）
4124,大阪油化工業,化学,スタンダード（内国株式）
4125,三和油化工業,化学,スタンダード（内国株式）
414A,オーバーラップホールディングス,情報・通信業,グロース（内国株式）
4151,協和キリン,医薬品,プライム（内国株式）
415A,ＧＭＯ　ＴＥＣＨホールディングス,サービス業,グロース（内国株式）
4165,プレイド,情報・通信業,グロース（内国株式）
4166,かっこ,情報・通信業,グロース（内国株式）
4167,ココペリ,情報・通信業,グロース（内国株式）
4168,ヤプリ,情報・通信業,グロース（内国株式）
4169,ＥＮＥＣＨＡＮＧＥ,情報・通信業,グロース（内国株式）
416A,富士ユナイトホールディングス,卸売業,スタンダード（内国株式）
4170,Ｋａｉｚｅｎ　Ｐｌａｔｆｏｒｍ,情報・通信業,グロース（内国株式）
4172,Ｈｉクラテス,情報・通信業,スタンダード（内国株式）
4174,アピリッツ,情報・通信業,スタンダード（内国株式）
4175,ｃｏｌｙ,情報・通信業,グロース（内国株式）
4176,ココナラ,情報・通信業,グロース（内国株式）
4177,ｉ‐ｐｌｕｇ,情報・通信業,グロース（内国株式）
4178,Ｓｈａｒｉｎｇ　Ｉｎｎｏｖａｔｉｏｎｓ,情報・通信業,グロース（内国株式）
4179,ジーネクスト,情報・通信業,グロース（内国株式）
417A,ブルーゾーンホールディングス,小売業,プライム（内国株式）
4180,Ａｐｐｉｅｒ　Ｇｒｏｕｐ,情報・通信業,プライム（内国株式）
4182,三菱瓦斯化学,化学,プライム（内国株式）
4183,三井化学,化学,プライム（内国株式）
4186,東京応化工業,化学,プライム（内国株式）
4187,大阪有機化学工業,化学,プライム（内国株式）
4188,三菱ケミカルグループ,化学,プライム（内国株式）
4189,ＫＨネオケム,化学,プライム（内国株式）
4192,スパイダープラス,情報・通信業,グロース（内国株式）
4193,ファブリカホールディングス,情報・通信業,スタンダード（内国株式）
4194,ビジョナル,情報・通信業,プライム（内国株式）
4196,ネオマーケティング,情報・通信業,スタンダード（内国株式）
4197,アスマーク,情報・通信業,スタンダード（内国株式）
4198,テンダ,情報・通信業,スタンダード（内国株式）
4199,ワンダープラネット,情報・通信業,グロース（内国株式）
4202,ダイセル,化学,プライム（内国株式）
4203,住友ベークライト,化学,プライム（内国株式）
4204,積水化学工業,化学,プライム（内国株式）
4205,日本ゼオン,化学,プライム（内国株式）
4206,アイカ工業,化学,プライム（内国株式）
4208,ＵＢＥ,化学,プライム（内国株式）
4212,積水樹脂,化学,プライム（内国株式）
4216,旭有機材,化学,プライム（内国株式）
4218,ニチバン,化学,プライム（内国株式）
421A,ムービン・ストラテジック・キャリア,サービス業,グロース（内国株式）
4220,リケンテクノス,化学,プライム（内国株式）
4221,大倉工業,化学,プライム（内国株式）
4222,児玉化学工業,化学,スタンダード（内国株式）
4224,ロンシール工業,化学,スタンダード（内国株式）
4228,積水化成品工業,化学,プライム（内国株式）
4229,群栄化学工業,化学,プライム（内国株式）
4231,タイガースポリマー,化学,スタンダード（内国株式）
4234,サンエー化研,化学,スタンダード（内国株式）
4235,ウルトラファブリックス・ホールディングス,化学,スタンダード（内国株式）
4237,フジプレアム,化学,スタンダード（内国株式）
4238,ミライアル,化学,スタンダード（内国株式）
423A,ライオン事務器,卸売業,スタンダード（内国株式）
4240,クラスターテクノロジー,化学,スタンダード（内国株式）
4241,アテクト,化学,スタンダード（内国株式）
4242,タカギセイコー,化学,スタンダード（内国株式）
4243,ニックス,化学,スタンダード（内国株式）
4245,ダイキアクシス,化学,スタンダード（内国株式）
4246,ダイキョーニシカワ,化学,プライム（内国株式）
4247,ポバール興業,化学,スタンダード（内国株式）
4248,竹本容器,化学,スタンダード（内国株式）
4249,森六,化学,プライム（内国株式）
4251,恵和,化学,プライム（内国株式）
4255,ＴＨＥＣＯＯ,情報・通信業,グロース（内国株式）
4256,サインド,情報・通信業,グロース（内国株式）
4258,網屋,情報・通信業,グロース（内国株式）
4259,エクサウィザーズ,情報・通信業,グロース（内国株式）
4260,ハイブリッドテクノロジーズ,情報・通信業,グロース（内国株式）
4261,アジアクエスト,情報・通信業,グロース（内国株式）
4262,ニフティライフスタイル,情報・通信業,グロース（内国株式）
4263,サスメド,情報・通信業,グロース（内国株式）
4264,セキュア,情報・通信業,グロース（内国株式）
4265,Ｉｎｓｔｉｔｕｔｉｏｎ　ｆｏｒ　ａ　Ｇｌｏｂａｌ　Ｓｏｃｉｅｔｙ,情報・通信業,グロース（内国株式）
4270,ＢｅｅＸ,情報・通信業,グロース（内国株式）
4272,日本化薬,化学,プライム（内国株式）
4274,細谷火工,化学,スタンダード（内国株式）
4275,カーリット,化学,プライム（内国株式）
4284,ソルクシーズ,情報・通信業,スタンダード（内国株式）
4286,ＣＬホールディングス,サービス業,スタンダード（内国株式）
4287,ジャストプランニング,情報・通信業,スタンダード（内国株式）
4288,アズジェント,情報・通信業,スタンダード（内国株式）
428A,サイプレス・ホールディングス,小売業,スタンダード（内国株式）
4290,プレステージ・インターナショナル,サービス業,プライム（内国株式）
4293,セプテーニ・ホールディングス,サービス業,スタンダード（内国株式）
4299,ハイマックス,情報・通信業,スタンダード（内国株式）
429A,テクセンドフォトマスク,その他製品,プライム（内国株式）
4301,アミューズ,サービス業,プライム（内国株式）
4307,野村総合研究所,情報・通信業,プライム（内国株式）
4308,Ｊストリーム,情報・通信業,グロース（内国株式）
4310,ドリームインキュベータ,サービス業,プライム（内国株式）
4316,ビーマップ,情報・通信業,グロース（内国株式）
4317,レイ,サービス業,スタンダード（内国株式）
4318,クイック,サービス業,プライム（内国株式）
431A,ユーソナー,情報・通信業,グロース（内国株式）
4320,ＣＥホールディングス,情報・通信業,スタンダード（内国株式）
4323,日本システム技術,情報・通信業,プライム（内国株式）
4324,電通グループ,サービス業,プライム（内国株式）
4326,インテージホールディングス,情報・通信業,プライム（内国株式）
4331,テイクアンドギヴ・ニーズ,サービス業,プライム（内国株式）
4334,ユークス,情報・通信業,スタンダード（内国株式）
4335,ＩＰＳホールディングス,情報・通信業,スタンダード（内国株式）
4337,ぴあ,サービス業,プライム（内国株式）
4341,西菱電機,サービス業,スタンダード（内国株式）
4343,イオンファンタジー,サービス業,プライム（内国株式）
4344,ソースネクスト,情報・通信業,プライム（内国株式）
4345,シーティーエス,サービス業,プライム（内国株式）
4346,ＮＥＸＹＺ．Ｇｒｏｕｐ,その他金融業,スタンダード（内国株式）
4347,ブロードメディア,サービス業,スタンダード（内国株式）
4350,メディカルシステムネットワーク,小売業,スタンダード（内国株式）
4351,山田再生系債権回収総合事務所,その他金融業,スタンダード（内国株式）
4356,応用技術,情報・通信業,スタンダード（内国株式）
4360,マナック・ケミカル・パートナーズ,化学,スタンダード（内国株式）
4361,川口化学工業,化学,スタンダード（内国株式）
4362,日本精化,化学,プライム（内国株式）
4365,松本油脂製薬,化学,スタンダード（内国株式）
4366,ダイトーケミックス,化学,スタンダード（内国株式）
4368,扶桑化学工業,化学,プライム（内国株式）
4369,トリケミカル研究所,化学,プライム（内国株式）
436A,サイバーソリューションズ,情報・通信業,グロース（内国株式）
4370,モビルス,情報・通信業,グロース（内国株式）
4371,コアコンセプト・テクノロジー,情報・通信業,グロース（内国株式）
4372,ユミルリンク,情報・通信業,グロース（内国株式）
4373,シンプレクス・ホールディングス,情報・通信業,プライム（内国株式）
4374,ＲＯＢＯＴ　ＰＡＹＭＥＮＴ,情報・通信業,グロース（内国株式）
4375,セーフィー,情報・通信業,グロース（内国株式）
4376,くふうカンパニーホールディングス,情報・通信業,グロース（内国株式）
4377,ワンキャリア,情報・通信業,グロース（内国株式）
4378,ＣＩＮＣ,情報・通信業,グロース（内国株式）
4379,Ｐｈｏｔｏｓｙｎｔｈ,情報・通信業,グロース（内国株式）
4380,Ｍマート,情報・通信業,グロース（内国株式）
4381,ビープラッツ,情報・通信業,グロース（内国株式）
4382,ＨＥＲＯＺ,情報・通信業,スタンダード（内国株式）
4385,メルカリ,情報・通信業,プライム（内国株式）
4386,ＳＩＧグループ,情報・通信業,スタンダード（内国株式）
4387,ＺＵＵ,情報・通信業,グロース（内国株式）
4388,エーアイ,情報・通信業,スタンダード（内国株式）
4389,プロパティデータバンク,情報・通信業,グロース（内国株式）
438A,インフキュリオン,情報・通信業,グロース（内国株式）
4390,ＩＰＳ,情報・通信業,プライム（内国株式）
4391,ロジザード,情報・通信業,グロース（内国株式）
4392,ＦＩＧ,情報・通信業,プライム（内国株式）
4393,バンク・オブ・イノベーション,情報・通信業,グロース（内国株式）
4394,エクスモーション,情報・通信業,グロース（内国株式）
4395,アクリート,情報・通信業,グロース（内国株式）
4396,システムサポートホールディングス,情報・通信業,プライム（内国株式）
4397,チームスピリット,情報・通信業,グロース（内国株式）
4398,ブロードバンドセキュリティ,情報・通信業,スタンダード（内国株式）
4401,ＡＤＥＫＡ,化学,プライム（内国株式）
4403,日油,化学,プライム（内国株式）
4404,ミヨシ油脂,食料品,スタンダード（内国株式）
4406,新日本理化,化学,スタンダード（内国株式）
4409,東邦化学工業,化学,スタンダード（内国株式）
4410,ハリマ化成グループ,化学,プライム（内国株式）
4412,サイエンスアーツ,情報・通信業,グロース（内国株式）
4413,ボードルア,情報・通信業,プライム（内国株式）
4414,フレクト,情報・通信業,グロース（内国株式）
4415,ブロードエンタープライズ,情報・通信業,グロース（内国株式）
4416,Ｔｒｕｅ　Ｄａｔａ,情報・通信業,グロース（内国株式）
4417,グローバルセキュリティエキスパート,情報・通信業,グロース（内国株式）
4418,ＪＤＳＣ,情報・通信業,グロース（内国株式）
4419,Ｆｉｎａｔｅｘｔホールディングス,情報・通信業,グロース（内国株式）
441A,ＮＥ,情報・通信業,グロース（内国株式）
4420,イーソル,情報・通信業,スタンダード（内国株式）
4421,ディ・アイ・システム,情報・通信業,スタンダード（内国株式）
4422,ＶＡＬＵＥＮＥＸ,情報・通信業,グロース（内国株式）
4424,Ａｍａｚｉａ,情報・通信業,グロース（内国株式）
4425,Ｋｕｄａｎ,情報・通信業,グロース（内国株式）
4427,ＥｄｕＬａｂ,情報・通信業,グロース（内国株式）
4428,シノプス,情報・通信業,グロース（内国株式）
4429,リックソフト,情報・通信業,グロース（内国株式）
442A,クラシコ,繊維製品,グロース（内国株式）
4430,東海ソフト,情報・通信業,スタンダード（内国株式）
4431,スマレジ,情報・通信業,グロース（内国株式）
4432,ウイングアーク１ｓｔ,情報・通信業,プライム（内国株式）
4433,ヒト・コミュニケーションズ・ホールディングス,サービス業,プライム（内国株式）
4434,サーバーワークス,情報・通信業,スタンダード（内国株式）
4436,ミンカブ・ジ・インフォノイド,情報・通信業,グロース（内国株式）
4437,ｇｏｏｄｄａｙｓホールディングス,情報・通信業,グロース（内国株式）
4438,Ｗｅｌｂｙ,情報・通信業,グロース（内国株式）
4439,東名,情報・通信業,スタンダード（内国株式）
4440,ヴィッツ,情報・通信業,スタンダード（内国株式）
4441,トビラシステムズ,情報・通信業,スタンダード（内国株式）
4442,バルテス・ホールディングス,情報・通信業,グロース（内国株式）
4443,Ｓａｎｓａｎ,情報・通信業,プライム（内国株式）
4444,インフォネット,情報・通信業,グロース（内国株式）
4445,リビン・テクノロジーズ,情報・通信業,グロース（内国株式）
4446,Ｌｉｎｋ－Ｕグループ,情報・通信業,スタンダード（内国株式）
4447,ピー・ビーシステムズ,情報・通信業,グロース（内国株式）
4448,ｋｕｂｅｌｌ,情報・通信業,グロース（内国株式）
4450,パワーソリューションズ,情報・通信業,グロース（内国株式）
4452,花王,化学,プライム（内国株式）
4461,第一工業製薬,化学,プライム（内国株式）
4462,石原ケミカル,化学,プライム（内国株式）
4463,日華化学,化学,スタンダード（内国株式）
4464,ソフト９９コーポレーション,化学,スタンダード（内国株式）
4465,ニイタカ,化学,スタンダード（内国株式）
446A,ノースサンド,サービス業,グロース（内国株式）
4471,三洋化成工業,化学,プライム（内国株式）
4475,ＨＥＮＮＧＥ,情報・通信業,グロース（内国株式）
4476,ＡＩ　ＣＲＯＳＳ,情報・通信業,グロース（内国株式）
4477,ＢＡＳＥ,情報・通信業,グロース（内国株式）
4478,フリー,情報・通信業,グロース（内国株式）
4479,マクアケ,情報・通信業,グロース（内国株式）
4480,メドレー,情報・通信業,プライム（内国株式）
4481,ベース,情報・通信業,プライム（内国株式）
4482,ウィルズ,情報・通信業,グロース（内国株式）
4483,ＪＭＤＣ,情報・通信業,プライム（内国株式）
4484,ランサーズ,情報・通信業,グロース（内国株式）
4486,ユナイトアンドグロウ,情報・通信業,グロース（内国株式）
4487,スペースマーケット,情報・通信業,グロース（内国株式）
4488,ＡＩ　ｉｎｓｉｄｅ,情報・通信業,グロース（内国株式）
4490,ビザスク,情報・通信業,グロース（内国株式）
4491,コンピューターマネージメント,情報・通信業,スタンダード（内国株式）
4492,ゼネテック,情報・通信業,スタンダード（内国株式）
4493,サイバーセキュリティクラウド,情報・通信業,グロース（内国株式）
4495,アイキューブドシステムズ,情報・通信業,グロース（内国株式）
4496,コマースＯｎｅホールディングス,情報・通信業,グロース（内国株式）
4498,サイバートラスト,情報・通信業,グロース（内国株式）
4499,Ｓｐｅｅｅ,情報・通信業,スタンダード（内国株式）
4502,武田薬品工業,医薬品,プライム（内国株式）
4503,アステラス製薬,医薬品,プライム（内国株式）
4506,住友ファーマ,医薬品,プライム（内国株式）
4507,塩野義製薬,医薬品,プライム（内国株式）
4512,わかもと製薬,医薬品,スタンダード（内国株式）
4516,日本新薬,医薬品,プライム（内国株式）
4519,中外製薬,医薬品,プライム（内国株式）
4521,科研製薬,医薬品,プライム（内国株式）
4523,エーザイ,医薬品,プライム（内国株式）
4524,森下仁丹,医薬品,スタンダード（内国株式）
4526,理研ビタミン,食料品,プライム（内国株式）
4527,ロート製薬,医薬品,プライム（内国株式）
4528,小野薬品工業,医薬品,プライム（内国株式）
4531,有機合成薬品工業,化学,スタンダード（内国株式）
4534,持田製薬,医薬品,プライム（内国株式）
4536,参天製薬,医薬品,プライム（内国株式）
4538,扶桑薬品工業,医薬品,プライム（内国株式）
4539,日本ケミファ,医薬品,スタンダード（内国株式）
4540,ツムラ,医薬品,プライム（内国株式）
4543,テルモ,精密機器,プライム（内国株式）
4544,Ｈ．Ｕ．グループホールディングス,サービス業,プライム（内国株式）
4547,キッセイ薬品工業,医薬品,プライム（内国株式）
4548,生化学工業,医薬品,プライム（内国株式）
4549,栄研化学,医薬品,プライム（内国株式）
4552,ＪＣＲファーマ,医薬品,プライム（内国株式）
4553,東和薬品,医薬品,プライム（内国株式）
4554,富士製薬工業,医薬品,プライム（内国株式）
4558,中京医薬品,医薬品,スタンダード（内国株式）
4559,ゼリア新薬工業,医薬品,プライム（内国株式）
4563,アンジェス,医薬品,グロース（内国株式）
4564,オンコセラピー・サイエンス,医薬品,グロース（内国株式）
4565,ネクセラファーマ,医薬品,プライム（内国株式）
4568,第一三共,医薬品,プライム（内国株式）
4569,杏林製薬,医薬品,プライム（内国株式）
456A,ＨＵＭＡＮ　ＭＡＤＥ,小売業,グロース（内国株式）
4570,免疫生物研究所,医薬品,グロース（内国株式）
4571,ＮＡＮＯホールディングス,医薬品,グロース（内国株式）
4572,カルナバイオサイエンス,医薬品,グロース（内国株式）
4574,大幸薬品,医薬品,プライム（内国株式）
4575,キャンバス,医薬品,グロース（内国株式）
4576,デ・ウエスタン・セラピテクス研究所,医薬品,グロース（内国株式）
4577,ダイト,医薬品,プライム（内国株式）
4578,大塚ホールディングス,医薬品,プライム（内国株式）
4579,ラクオリア創薬,医薬品,グロース（内国株式）
4582,シンバイオ製薬,医薬品,グロース（内国株式）
4583,カイオム・バイオサイエンス,医薬品,グロース（内国株式）
4584,キッズウェル・バイオ,医薬品,グロース（内国株式）
4586,メドレックス,医薬品,グロース（内国株式）
4587,ペプチドリーム,医薬品,プライム（内国株式）
4588,オンコリスバイオファーマ,医薬品,グロース（内国株式）
4591,リボミック,医薬品,グロース（内国株式）
4592,サンバイオ,医薬品,グロース（内国株式）
4593,ヘリオス,医薬品,グロース（内国株式）
4594,ブライトパス・バイオ,医薬品,グロース（内国株式）
4595,ミズホメディー,医薬品,スタンダード（内国株式）
4596,窪田製薬ホールディングス,医薬品,グロース（内国株式）
4597,ソレイジア・ファーマ,医薬品,グロース（内国株式）
4598,Ｄｅｌｔａ－Ｆｌｙ　Ｐｈａｒｍａ,医薬品,グロース（内国株式）
4599,ステムリム,医薬品,グロース（内国株式）
460A,ＢＲＡＮＵ,情報・通信業,グロース（内国株式）
4611,大日本塗料,化学,プライム（内国株式）
4612,日本ペイントホールディングス,化学,プライム（内国株式）
4613,関西ペイント,化学,プライム（内国株式）
4615,神東塗料,化学,スタンダード（内国株式）
4616,川上塗料,化学,スタンダード（内国株式）
4617,中国塗料,化学,プライム（内国株式）
4619,日本特殊塗料,化学,スタンダード（内国株式）
4620,藤倉化成,化学,スタンダード（内国株式）
4623,アサヒペン,化学,スタンダード（内国株式）
4624,イサム塗料,化学,スタンダード（内国株式）
4625,アトミクス,化学,スタンダード（内国株式）
4626,太陽ホールディングス,化学,プライム（内国株式）
4627,ナトコ,化学,スタンダード（内国株式）
4628,エスケー化研,化学,スタンダード（内国株式）
4629,大伸化学,化学,スタンダード（内国株式）
462A,ＦＵＮＤＩＮＮＯ,証券、商品先物取引業,グロース（内国株式）
4631,ＤＩＣ,化学,プライム（内国株式）
4633,サカタインクス,化学,プライム（内国株式）
4634,ａｒｔｉｅｎｃｅ,化学,プライム（内国株式）
4635,東京インキ,化学,スタンダード（内国株式）
463A,インテリックスホールディングス,不動産業,スタンダード（内国株式）
4641,アルプス技研,サービス業,プライム（内国株式）
4642,オリジナル設計,サービス業,スタンダード（内国株式）
4644,イマジニア,情報・通信業,スタンダード（内国株式）
4645,市進ホールディングス,サービス業,スタンダード（内国株式）
464A,ＱＰＳホールディングス,情報・通信業,グロース（内国株式）
4650,ＳＤエンターテイメント,サービス業,スタンダード（内国株式）
4651,サニックスホールディングス,サービス業,スタンダード（内国株式）
4657,環境管理センター,サービス業,スタンダード（内国株式）
4658,日本空調サービス,サービス業,プライム（内国株式）
4661,オリエンタルランド,サービス業,プライム（内国株式）
4662,フォーカスシステムズ,情報・通信業,プライム（内国株式）
4664,アール・エス・シー,サービス業,スタンダード（内国株式）
4665,ダスキン,サービス業,プライム（内国株式）
4666,パーク２４,不動産業,プライム（内国株式）
4667,アイサンテクノロジー,情報・通信業,スタンダード（内国株式）
4668,明光ネットワークジャパン,サービス業,プライム（内国株式）
4671,ファルコホールディングス,サービス業,スタンダード（内国株式）
4673,川崎地質,サービス業,スタンダード（内国株式）
4674,クレスコ,情報・通信業,プライム（内国株式）
4676,フジ・メディア・ホールディングス,情報・通信業,プライム（内国株式）
4678,秀英予備校,サービス業,スタンダード（内国株式）
4679,田谷,サービス業,スタンダード（内国株式）
4680,ラウンドワン,サービス業,プライム（内国株式）
4681,リゾートトラスト,サービス業,プライム（内国株式）
4684,オービック,情報・通信業,プライム（内国株式）
4685,菱友システムズ,情報・通信業,スタンダード（内国株式）
4686,ジャストシステム,情報・通信業,プライム（内国株式）
4687,ＴＤＣソフト,情報・通信業,プライム（内国株式）
4689,ＬＩＮＥヤフー,情報・通信業,プライム（内国株式）
4691,ワシントンホテル,サービス業,スタンダード（内国株式）
4694,ビー・エム・エル,サービス業,プライム（内国株式）
469A,フィットクルー,サービス業,グロース（内国株式）
4704,トレンドマイクロ,情報・通信業,プライム（内国株式）
4705,クリップコーポレーション,サービス業,スタンダード（内国株式）
4707,キタック,サービス業,スタンダード（内国株式）
4709,ＩＤホールディングス,情報・通信業,プライム（内国株式）
4712,ＫｅｙＨｏｌｄｅｒ,サービス業,スタンダード（内国株式）
4714,リソー教育グループ,サービス業,プライム（内国株式）
4716,日本オラクル,情報・通信業,スタンダード（内国株式）
4718,早稲田アカデミー,サービス業,プライム（内国株式）
4719,アルファシステムズ,情報・通信業,プライム（内国株式）
471A,ＮＳグループ,その他金融業,プライム（内国株式）
4720,城南進学研究社,サービス業,スタンダード（内国株式）
4722,フューチャー,情報・通信業,プライム（内国株式）
4725,ＣＡＣ　Ｈｏｌｄｉｎｇｓ,情報・通信業,プライム（内国株式）
4728,トーセ,情報・通信業,スタンダード（内国株式）
472A,ミラティブ,情報・通信業,グロース（内国株式）
4732,ユー・エス・エス,サービス業,プライム（内国株式）
4733,オービックビジネスコンサルタント,情報・通信業,プライム（内国株式）
4735,京進,サービス業,スタンダード（内国株式）
4736,日本ラッド,情報・通信業,スタンダード（内国株式）
4743,アイティフォー,情報・通信業,プライム（内国株式）
4746,東計電算,情報・通信業,スタンダード（内国株式）
4750,ダイサン,サービス業,スタンダード（内国株式）
4751,サイバーエージェント,サービス業,プライム（内国株式）
4752,昭和システムエンジニアリング,情報・通信業,スタンダード（内国株式）
4754,トスネット,サービス業,スタンダード（内国株式）
4755,楽天グループ,サービス業,プライム（内国株式）
475A,ギミック,サービス業,スタンダード（内国株式）
4760,アルファ,サービス業,スタンダード（内国株式）
4761,さくらケーシーエス,情報・通信業,スタンダード（内国株式）
4762,エックスネット,情報・通信業,スタンダード（内国株式）
4763,クリーク・アンド・リバー社,サービス業,プライム（内国株式）
4765,ＳＢＩグローバルアセットマネジメント,サービス業,プライム（内国株式）
4766,ピーエイ,サービス業,スタンダード（内国株式）
4767,テー・オー・ダブリュー,サービス業,スタンダード（内国株式）
4768,大塚商会,情報・通信業,プライム（内国株式）
4769,ＩＣ,情報・通信業,スタンダード（内国株式）
476A,辻・本郷ＩＴコンサルティング,情報・通信業,スタンダード（内国株式）
4771,エフアンドエム,サービス業,スタンダード（内国株式）
4772,ＳＭ　ＥＮＴＥＲＴＡＩＮＭＥＮＴ　ＪＡＰＡＮ,情報・通信業,グロース（内国株式）
4776,サイボウズ,情報・通信業,プライム（内国株式）
4777,ガーラ,情報・通信業,スタンダード（内国株式）
477A,スタートライン,サービス業,グロース（内国株式）
4783,ＮＣＤ,情報・通信業,スタンダード（内国株式）
4784,ＧＭＯインターネット,サービス業,プライム（内国株式）
478A,フツパー,情報・通信業,グロース（内国株式）
4792,山田コンサルティンググループ,サービス業,プライム（内国株式）
479A,ＰＲＯＮＩ,情報・通信業,グロース（内国株式）
4800,オリコン,情報・通信業,スタンダード（内国株式）
4801,セントラルスポーツ,サービス業,プライム（内国株式）
4809,パラカ,不動産業,プライム（内国株式）
480A,リブ・コンサルティング,サービス業,グロース（内国株式）
4811,ドリーム・アーツ,情報・通信業,グロース（内国株式）
4812,電通総研,情報・通信業,プライム（内国株式）
4813,ＡＣＣＥＳＳ,情報・通信業,プライム（内国株式）
4814,ネクストウェア,情報・通信業,スタンダード（内国株式）
4816,東映アニメーション,情報・通信業,スタンダード（内国株式）
4819,デジタルガレージ,情報・通信業,プライム（内国株式）
4820,イーエムシステムズ,情報・通信業,プライム（内国株式）
4825,ウェザーニューズ,情報・通信業,プライム（内国株式）
4826,ＣＩＪ,情報・通信業,プライム（内国株式）
4828,ビジネスエンジニアリング,情報・通信業,プライム（内国株式）
4829,日本エンタープライズ,情報・通信業,スタンダード（内国株式）
4832,ＪＦＥシステムズ,情報・通信業,スタンダード（内国株式）
4833,Ｄｅｆ　ｃｏｎｓｕｌｔｉｎｇ,サービス業,グロース（内国株式）
4838,スペースシャワーＳＫＩＹＡＫＩホールディングス,情報・通信業,スタンダード（内国株式）
4839,ＷＯＷＯＷ,情報・通信業,プライム（内国株式）
483A,テラテクノロジー,情報・通信業,スタンダード（内国株式）
4840,トライアイズ,サービス業,スタンダード（内国株式）
4845,スカラ,情報・通信業,スタンダード（内国株式）
4847,インテリジェント　ウェイブ,情報・通信業,プライム（内国株式）
4848,フルキャストホールディングス,サービス業,プライム（内国株式）
4849,エン,サービス業,プライム（内国株式）
485A,パワーエックス,電気機器,グロース（内国株式）
4880,セルソース,医薬品,スタンダード（内国株式）
4881,ファンペップ,医薬品,グロース（内国株式）
4882,ペルセウスプロテオミクス,医薬品,グロース（内国株式）
4883,モダリス,医薬品,グロース（内国株式）
4884,クリングルファーマ,医薬品,グロース（内国株式）
4885,室町ケミカル,医薬品,スタンダード（内国株式）
4886,あすか製薬ホールディングス,医薬品,プライム（内国株式）
4887,サワイグループホールディングス,医薬品,プライム（内国株式）
4888,ステラファーマ,医薬品,グロース（内国株式）
4889,レナサイエンス,医薬品,グロース（内国株式）
4890,坪田ラボ,医薬品,グロース（内国株式）
4891,ティムス,医薬品,グロース（内国株式）
4892,サイフューズ,医薬品,グロース（内国株式）
4893,ノイルイミューン・バイオテック,医薬品,グロース（内国株式）
4894,クオリプス,医薬品,グロース（内国株式）
4896,ケイファーマ,医薬品,グロース（内国株式）
4901,富士フイルムホールディングス,化学,プライム（内国株式）
4902,コニカミノルタ,電気機器,プライム（内国株式）
4911,資生堂,化学,プライム（内国株式）
4912,ライオン,化学,プライム（内国株式）
4914,高砂香料工業,化学,プライム（内国株式）
4918,アイビー化粧品,化学,スタンダード（内国株式）
4919,ミルボン,化学,プライム（内国株式）
4920,日本色材工業研究所,化学,スタンダード（内国株式）
4922,コーセーホールディングス,化学,プライム（内国株式）
4923,コタ,化学,プライム（内国株式）
4925,ハーバー研究所,化学,スタンダード（内国株式）
4926,シーボン,化学,スタンダード（内国株式）
4927,ポーラ・オルビスホールディングス,化学,プライム（内国株式）
4928,ノエビアホールディングス,化学,プライム（内国株式）
4929,アジュバンホールディングス,化学,スタンダード（内国株式）
4931,新日本製薬,化学,プライム（内国株式）
4932,アルマード,化学,スタンダード（内国株式）
4933,Ｉ－ｎｅ,化学,プライム（内国株式）
4934,プレミアアンチエイジング,化学,グロース（内国株式）
4935,リベルタ,化学,スタンダード（内国株式）
4936,アクシージア,化学,スタンダード（内国株式）
4937,Ｗａｑｏｏ,化学,グロース（内国株式）
4951,エステー,化学,プライム（内国株式）
4956,コニシ,化学,プライム（内国株式）
4958,長谷川香料,化学,プライム（内国株式）
4960,ケミプロ化成,化学,スタンダード（内国株式）
4966,上村工業,化学,スタンダード（内国株式）
4967,小林製薬,化学,プライム（内国株式）
4968,荒川化学工業,化学,プライム（内国株式）
4970,東洋合成工業,化学,スタンダード（内国株式）
4971,メック,化学,プライム（内国株式）
4972,綜研化学,化学,スタンダード（内国株式）
4973,日本高純度化学,化学,プライム（内国株式）
4975,ＪＣＵ,化学,プライム（内国株式）
4976,東洋ドライルーブ,化学,スタンダード（内国株式）
4977,新田ゼラチン,化学,スタンダード（内国株式）
4978,リプロセル,化学,グロース（内国株式）
4979,ＯＡＴアグリオ,化学,スタンダード（内国株式）
4980,デクセリアルズ,化学,プライム（内国株式）
4985,アース製薬,化学,プライム（内国株式）
4990,昭和化学工業,化学,スタンダード（内国株式）
4992,北興化学工業,化学,スタンダード（内国株式）
4994,大成ラミックグループ,化学,スタンダード（内国株式）
4996,クミアイ化学工業,化学,プライム（内国株式）
4997,日本農薬,化学,プライム（内国株式）
4998,フマキラー,化学,スタンダード（内国株式）
500A,ＴＯブックス,情報・通信業,スタンダード（内国株式）
5010,日本精蝋,石油・石炭製品,スタンダード（内国株式）
5011,ニチレキグループ,石油・石炭製品,プライム（内国株式）
5013,ユシロ,石油・石炭製品,スタンダード（内国株式）
5015,ビーピー・カストロール,石油・石炭製品,スタンダード（内国株式）
5016,ＪＸ金属,非鉄金属,プライム（内国株式）
5018,ＭＯＲＥＳＣＯ,石油・石炭製品,スタンダード（内国株式）
5019,出光興産,石油・石炭製品,プライム（内国株式）
5020,ＥＮＥＯＳホールディングス,石油・石炭製品,プライム（内国株式）
5021,コスモエネルギーホールディングス,石油・石炭製品,プライム（内国株式）
5025,マーキュリー,情報・通信業,グロース（内国株式）
5026,トリプルアイズ,情報・通信業,グロース（内国株式）
5027,ＡｎｙＭｉｎｄ　Ｇｒｏｕｐ,情報・通信業,グロース（内国株式）
5028,セカンドサイトアナリティカ,情報・通信業,グロース（内国株式）
5029,サークレイス,情報・通信業,グロース（内国株式）
5031,モイ,情報・通信業,グロース（内国株式）
5032,ＡＮＹＣＯＬＯＲ,情報・通信業,プライム（内国株式）
5033,ヌーラボ,情報・通信業,グロース（内国株式）
5034,ｕｎｅｒｒｙ,情報・通信業,グロース（内国株式）
5035,ＨＯＵＳＥＩ,情報・通信業,グロース（内国株式）
5036,日本ビジネスシステムズ,情報・通信業,プライム（内国株式）
5038,ｅＷｅＬＬ,情報・通信業,グロース（内国株式）
504A,イノバセル,医薬品,グロース（内国株式）
505A,ギークリー,サービス業,スタンダード（内国株式）
5071,ヴィス,サービス業,スタンダード（内国株式）
5074,テスホールディングス,建設業,プライム（内国株式）
5076,インフロニア・ホールディングス,建設業,プライム（内国株式）
50765,インフロニア・ホールディングス第１回社債型種類株式,建設業,プライム（内国株式）
5078,セレコーポレーション,建設業,スタンダード（内国株式）
5079,ノバック,建設業,スタンダード（内国株式）
5101,横浜ゴム,ゴム製品,プライム（内国株式）
5105,ＴＯＹＯ　ＴＩＲＥ,ゴム製品,プライム（内国株式）
5108,ブリヂストン,ゴム製品,プライム（内国株式）
5110,住友ゴム工業,ゴム製品,プライム（内国株式）
5121,藤倉コンポジット,ゴム製品,プライム（内国株式）
5122,オカモト,ゴム製品,プライム（内国株式）
5125,ファインズ,情報・通信業,グロース（内国株式）
5126,ポーターズ,情報・通信業,グロース（内国株式）
5129,ＦＩＸＥＲ,情報・通信業,グロース（内国株式）
5131,リンカーズ,情報・通信業,グロース（内国株式）
5132,ｐｌｕｓｚｅｒｏ,情報・通信業,グロース（内国株式）
5133,テリロジーホールディングス,情報・通信業,スタンダード（内国株式）
5134,ＰＯＰＥＲ,情報・通信業,グロース（内国株式）
5136,ｔｒｉｐｌａ,情報・通信業,グロース（内国株式）
5137,スマートドライブ,情報・通信業,グロース（内国株式）
5138,Ｒｅｂａｓｅ,情報・通信業,グロース（内国株式）
5139,オープンワーク,情報・通信業,グロース（内国株式）
5142,アキレス,化学,プライム（内国株式）
5161,西川ゴム工業,ゴム製品,スタンダード（内国株式）
5162,朝日ラバー,ゴム製品,スタンダード（内国株式）
5184,ニチリン,ゴム製品,スタンダード（内国株式）
5185,フコク,ゴム製品,プライム（内国株式）
5186,ニッタ,ゴム製品,プライム（内国株式）
5187,クリエートメディック,精密機器,スタンダード（内国株式）
5189,櫻護謨,ゴム製品,スタンダード（内国株式）
5192,三ツ星ベルト,ゴム製品,プライム（内国株式）
5194,相模ゴム工業,ゴム製品,スタンダード（内国株式）
5195,バンドー化学,ゴム製品,プライム（内国株式）
5199,不二ラテックス,ゴム製品,スタンダード（内国株式）
519A,ベーシック,情報・通信業,グロース（内国株式）
5201,ＡＧＣ,ガラス・土石製品,プライム（内国株式）
5202,日本板硝子,ガラス・土石製品,プライム（内国株式）
5204,石塚硝子,ガラス・土石製品,スタンダード（内国株式）
5208,有沢製作所,化学,プライム（内国株式）
520A,ジェイファーマ,医薬品,グロース（内国株式）
5210,日本山村硝子,ガラス・土石製品,スタンダード（内国株式）
5214,日本電気硝子,ガラス・土石製品,プライム（内国株式）
5216,倉元製作所,ガラス・土石製品,スタンダード（内国株式）
5218,オハラ,ガラス・土石製品,スタンダード（内国株式）
5232,住友大阪セメント,ガラス・土石製品,プライム（内国株式）
5233,太平洋セメント,ガラス・土石製品,プライム（内国株式）
5237,ノザワ,ガラス・土石製品,スタンダード（内国株式）
523A,セイワホールディングス,金属製品,グロース（内国株式）
5240,ｍｏｎｏＡＩ　ｔｅｃｈｎｏｌｏｇｙ,情報・通信業,グロース（内国株式）
5242,アイズ,情報・通信業,グロース（内国株式）
5243,ｎｏｔｅ,情報・通信業,グロース（内国株式）
5244,ｊｉｇ．ｊｐ,情報・通信業,グロース（内国株式）
5246,ＥＬＥＭＥＮＴＳ,情報・通信業,グロース（内国株式）
5247,ＢＴＭ,情報・通信業,グロース（内国株式）
5248,テクノロジーズ,情報・通信業,グロース（内国株式）
5250,ＧＭＯプライム・ストラテジー,情報・通信業,スタンダード（内国株式）
5252,日本ナレッジ,情報・通信業,グロース（内国株式）
5253,カバー,情報・通信業,グロース（内国株式）
5254,Ａｒｅｎｔ,情報・通信業,グロース（内国株式）
5255,モンスターラボ,情報・通信業,グロース（内国株式）
5256,Ｆｕｓｉｃ,情報・通信業,グロース（内国株式）
5257,ノバシステム,情報・通信業,スタンダード（内国株式）
5258,トランザクション・メディア・ネットワークス,情報・通信業,グロース（内国株式）
5261,リソルホールディングス,サービス業,プライム（内国株式）
5262,日本ヒューム,ガラス・土石製品,プライム（内国株式）
5268,旭コンクリート工業,ガラス・土石製品,スタンダード（内国株式）
5269,日本コンクリート工業,ガラス・土石製品,プライム（内国株式）
5271,トーヨーアサノ,ガラス・土石製品,スタンダード（内国株式）
5273,三谷セキサン,ガラス・土石製品,スタンダード（内国株式）
5279,日本興業,ガラス・土石製品,スタンダード（内国株式）
5280,ヨシコン,不動産業,スタンダード（内国株式）
5282,ジオスター,ガラス・土石製品,スタンダード（内国株式）
5283,高見澤,卸売業,スタンダード（内国株式）
5284,ヤマウホールディングス,ガラス・土石製品,スタンダード（内国株式）
5285,ヤマックス,ガラス・土石製品,スタンダード（内国株式）
5287,イトーヨーギョー,ガラス・土石製品,スタンダード（内国株式）
5288,アジアパイルホールディングス,ガラス・土石製品,プライム（内国株式）
5290,ベルテクスコーポレーション,ガラス・土石製品,スタンダード（内国株式）
5301,東海カーボン,ガラス・土石製品,プライム（内国株式）
5302,日本カーボン,ガラス・土石製品,プライム（内国株式）
5304,ＳＥＣカーボン,ガラス・土石製品,スタンダード（内国株式）
5310,東洋炭素,ガラス・土石製品,プライム（内国株式）
5331,ノリタケ,ガラス・土石製品,プライム（内国株式）
5332,ＴＯＴＯ,ガラス・土石製品,プライム（内国株式）
5333,ＮＧＫ,ガラス・土石製品,プライム（内国株式）
5334,日本特殊陶業,ガラス・土石製品,プライム（内国株式）
5337,ダントーホールディングス,ガラス・土石製品,スタンダード（内国株式）
5341,ＡＳＡＨＩ　ＥＩＴＯホールディングス,ガラス・土石製品,スタンダード（内国株式）
5344,ＭＡＲＵＷＡ,ガラス・土石製品,プライム（内国株式）
5351,品川リフラ,ガラス・土石製品,プライム（内国株式）
5355,日本坩堝,ガラス・土石製品,スタンダード（内国株式）
5356,美濃窯業,ガラス・土石製品,スタンダード（内国株式）
5357,ヨータイ,ガラス・土石製品,プライム（内国株式）
5363,東京窯業,ガラス・土石製品,スタンダード（内国株式）
5367,ニッカトー,ガラス・土石製品,スタンダード（内国株式）
5368,日本インシュレーション,ガラス・土石製品,スタンダード（内国株式）
5380,新東,ガラス・土石製品,スタンダード（内国株式）
5381,マイポックス,ガラス・土石製品,スタンダード（内国株式）
5384,フジミインコーポレーテッド,ガラス・土石製品,プライム（内国株式）
5388,クニミネ工業,ガラス・土石製品,スタンダード（内国株式）
5391,エーアンドエーマテリアル,ガラス・土石製品,スタンダード（内国株式）
5393,ニチアス,ガラス・土石製品,プライム（内国株式）
5401,日本製鉄,鉄鋼,プライム（内国株式）
5406,神戸製鋼所,鉄鋼,プライム（内国株式）
5408,中山製鋼所,鉄鋼,プライム（内国株式）
5410,合同製鐵,鉄鋼,プライム（内国株式）
5411,ＪＦＥホールディングス,鉄鋼,プライム（内国株式）
5423,東京製鐵,鉄鋼,プライム（内国株式）
542A,ビタブリッドジャパン,化学,グロース（内国株式）
543A,ＡＲＣＨＩＯＮ,輸送用機器,プライム（内国株式）
5440,共英製鋼,鉄鋼,プライム（内国株式）
5444,大和工業,鉄鋼,プライム（内国株式）
5445,東京鐵鋼,鉄鋼,プライム（内国株式）
5446,北越メタル,鉄鋼,スタンダード（内国株式）
5449,大阪製鐵,鉄鋼,スタンダード（内国株式）
544A,ＧＭＳグループ,機械,プライム（内国株式）
5451,ヨドコウ,鉄鋼,プライム（内国株式）
5458,高砂鐵工,鉄鋼,スタンダード（内国株式）
545A,トランヴィア,情報・通信業,プライム（内国株式）
5461,中部鋼鈑,鉄鋼,プライム（内国株式）
5463,丸一鋼管,鉄鋼,プライム（内国株式）
5464,モリ工業,鉄鋼,スタンダード（内国株式）
546A,ＭＩＲＡＩＮＩホールディングス,卸売業,プライム（内国株式）
5471,大同特殊鋼,鉄鋼,プライム（内国株式）
547A,ムニノバホールディングス,その他金融業,プライム（内国株式）
5480,日本冶金工業,鉄鋼,プライム（内国株式）
5482,愛知製鋼,鉄鋼,プライム（内国株式）
5484,東北特殊鋼,鉄鋼,スタンダード（内国株式）
548A,システムエグゼ,情報・通信業,スタンダード（内国株式）
5491,日本金属,鉄鋼,スタンダード（内国株式）
549A,ヒトトヒトホールディングス,サービス業,スタンダード（内国株式）
550A,ソフトテックス,情報・通信業,スタンダード（内国株式）
5527,ｐｒｏｐｅｒｔｙ　ｔｅｃｈｎｏｌｏｇｉｅｓ,不動産業,グロース（内国株式）
5532,リアルゲイト,不動産業,グロース（内国株式）
5533,エリッツホールディングス,不動産業,スタンダード（内国株式）
5535,ミガロホールディングス,不動産業,プライム（内国株式）
5537,ＡｌｂａＬｉｎｋ,不動産業,グロース（内国株式）
5541,大平洋金属,鉄鋼,プライム（内国株式）
5542,新報国マテリアル,鉄鋼,スタンダード（内国株式）
554A,バトンズ,情報・通信業,グロース（内国株式）
5563,新日本電工,鉄鋼,プライム（内国株式）
556A,犬猫生活,小売業,グロース（内国株式）
5570,ジェノバ,情報・通信業,グロース（内国株式）
5571,エキサイトホールディングス,情報・通信業,スタンダード（内国株式）
5572,Ｒｉｄｇｅ－ｉ,情報・通信業,グロース（内国株式）
5574,ＡＢＥＪＡ,情報・通信業,グロース（内国株式）
5575,Ｇｌｏｂｅｅ,情報・通信業,グロース（内国株式）
5576,オービーシステム,情報・通信業,スタンダード（内国株式）
5578,ＡＲアドバンストテクノロジ,情報・通信業,グロース（内国株式）
5580,プロディライト,情報・通信業,グロース（内国株式）
5582,グリッド,情報・通信業,グロース（内国株式）
5586,Ｌａｂｏｒｏ．ＡＩ,情報・通信業,グロース（内国株式）
5587,インバウンドプラットフォーム,情報・通信業,グロース（内国株式）
5588,ファーストアカウンティング,情報・通信業,グロース（内国株式）
5589,オートサーバー,情報・通信業,スタンダード（内国株式）
558A,ＳＱＵＥＥＺＥ,サービス業,グロース（内国株式）
5590,ネットスターズ,情報・通信業,グロース（内国株式）
5591,ＡＶＩＬＥＮ,情報・通信業,グロース（内国株式）
5592,くすりの窓口,情報・通信業,グロース（内国株式）
5597,ブルーイノベーション,情報・通信業,グロース（内国株式）
5599,Ｓ＆Ｊ,情報・通信業,グロース（内国株式）
559A,梅乃宿酒造,食料品,スタンダード（内国株式）
5602,栗本鐵工所,鉄鋼,プライム（内国株式）
5603,虹技,鉄鋼,スタンダード（内国株式）
5609,日本鋳造,鉄鋼,スタンダード（内国株式）
5612,日本鋳鉄管,鉄鋼,スタンダード（内国株式）
5616,雨風太陽,情報・通信業,グロース（内国株式）
5618,ナイル,情報・通信業,グロース（内国株式）
5619,マーソ,情報・通信業,グロース（内国株式）
5621,ヒューマンテクノロジーズ,情報・通信業,グロース（内国株式）
5631,日本製鋼所,機械,プライム（内国株式）
5632,三菱製鋼,鉄鋼,プライム（内国株式）
5644,メタルアート,鉄鋼,スタンダード（内国株式）
5658,日亜鋼業,鉄鋼,スタンダード（内国株式）
5659,日本精線,鉄鋼,プライム（内国株式）
5695,パウダーテック,鉄鋼,スタンダード（内国株式）
5697,サンユウ,鉄鋼,スタンダード（内国株式）
5698,エンビプロ・ホールディングス,鉄鋼,スタンダード（内国株式）
5699,イボキン,鉄鋼,スタンダード（内国株式）
5702,大紀アルミニウム工業所,非鉄金属,プライム（内国株式）
5703,日本軽金属ホールディングス,非鉄金属,プライム（内国株式）
5704,ＪＭＣ,非鉄金属,スタンダード（内国株式）
5706,三井金属,非鉄金属,プライム（内国株式）
5707,東邦亜鉛,非鉄金属,プライム（内国株式）
5711,三菱マテリアル,非鉄金属,プライム（内国株式）
5713,住友金属鉱山,非鉄金属,プライム（内国株式）
5714,ＤＯＷＡホールディングス,非鉄金属,プライム（内国株式）
5715,古河機械金属,非鉄金属,プライム（内国株式）
5721,エスクリプトエナジー,非鉄金属,スタンダード（内国株式）
5724,アサカ理研,非鉄金属,スタンダード（内国株式）
5726,大阪チタニウムテクノロジーズ,非鉄金属,プライム（内国株式）
5729,日本精鉱,非鉄金属,スタンダード（内国株式）
5741,ＵＡＣＪ,非鉄金属,プライム（内国株式）
5742,エヌアイシ・オートテック,非鉄金属,スタンダード（内国株式）
5753,日本伸銅,非鉄金属,スタンダード（内国株式）
5757,ＣＫサンエツ,非鉄金属,プライム（内国株式）
575A,前澤ホールディングス,機械,プライム（内国株式）
5801,古河電気工業,非鉄金属,プライム（内国株式）
5802,住友電気工業,非鉄金属,プライム（内国株式）
5803,フジクラ,非鉄金属,プライム（内国株式）
5805,ＳＷＣＣ,非鉄金属,プライム（内国株式）
5816,オーナンバ,非鉄金属,スタンダード（内国株式）
5817,ＪＭＡＣＳ,非鉄金属,スタンダード（内国株式）
5819,カナレ電気,非鉄金属,スタンダード（内国株式）
581A,ＧＯ,情報・通信業,グロース（内国株式）
5820,三ッ星,非鉄金属,スタンダード（内国株式）
5821,平河ヒューテック,非鉄金属,プライム（内国株式）
5830,いよぎんホールディングス,銀行業,プライム（内国株式）
5831,しずおかフィナンシャルグループ,銀行業,プライム（内国株式）
5832,ちゅうぎんフィナンシャルグループ,銀行業,プライム（内国株式）
5834,ＳＢＩリーシングサービス,証券、商品先物取引業,グロース（内国株式）
5838,楽天銀行,銀行業,プライム（内国株式）
5842,インテグラル,証券、商品先物取引業,グロース（内国株式）
5843,ニッポンインシュア,その他金融業,スタンダード（内国株式）
5844,京都フィナンシャルグループ,銀行業,プライム（内国株式）
5845,全保連,その他金融業,スタンダード（内国株式）
584A,ＬｉＮＫＸ,情報・通信業,グロース（内国株式）
5851,リョービ,非鉄金属,プライム（内国株式）
5852,アーレスティ,非鉄金属,プライム（内国株式）
5857,ＡＲＥホールディングス,非鉄金属,プライム（内国株式）
5858,ＳＴＧ,非鉄金属,グロース（内国株式）
5867,エスネットワークス,サービス業,グロース（内国株式）
5868,ロココ,サービス業,スタンダード（内国株式）
5869,早稲田学習研究会,サービス業,スタンダード（内国株式）
5870,ナルネットコミュニケーションズ,サービス業,グロース（内国株式）
5871,ＳＯＬＩＺＥ　Ｈｏｌｄｉｎｇｓ,サービス業,スタンダード（内国株式）
5884,クラダシ,小売業,グロース（内国株式）
5885,ジーデップ・アドバンス,卸売業,スタンダード（内国株式）
5888,ＤＡＩＷＡ　ＣＹＣＬＥ,小売業,グロース（内国株式）
5889,Ｊａｐａｎ　Ｅｙｅｗｅａｒ　Ｈｏｌｄｉｎｇｓ,小売業,プライム（内国株式）
5891,ＳＡＫＩＧＡＫＥホールディングス,小売業,スタンダード（内国株式）
5892,ｙｕｔｏｒｉ,小売業,グロース（内国株式）
589A,ネイス,サービス業,グロース（内国株式）
5900,ダイケン,金属製品,スタンダード（内国株式）
5901,東洋製罐グループホールディングス,金属製品,プライム（内国株式）
5902,ホッカンホールディングス,金属製品,プライム（内国株式）
5905,日本製罐,金属製品,スタンダード（内国株式）
5906,エムケー精工,金属製品,スタンダード（内国株式）
5909,コロナ,金属製品,スタンダード（内国株式）
590A,ギフティグループ,情報・通信業,プライム（内国株式）
5911,横河ブリッジホールディングス,金属製品,プライム（内国株式）
5915,駒井ハルテック,金属製品,スタンダード（内国株式）
5918,瀧上工業,金属製品,スタンダード（内国株式）
5921,川岸工業,金属製品,スタンダード（内国株式）
5922,那須電機鉄工,金属製品,スタンダード（内国株式）
5923,高田機工,金属製品,スタンダード（内国株式）
5928,アルメタックス,金属製品,スタンダード（内国株式）
5929,三和ホールディングス,金属製品,プライム（内国株式）
5930,文化シヤッター,金属製品,プライム（内国株式）
5932,三協立山,金属製品,プライム（内国株式）
5933,アルインコ,金属製品,プライム（内国株式）
5936,東洋シヤッター,金属製品,スタンダード（内国株式）
5938,ＬＩＸＩＬ,金属製品,プライム（内国株式）
5939,大谷工業,金属製品,スタンダード（内国株式）
593A,ティアフォー,情報・通信業,グロース（内国株式）
5940,不二サッシ,金属製品,スタンダード（内国株式）
5941,中西製作所,金属製品,スタンダード（内国株式）
5942,日本フイルコン,金属製品,スタンダード（内国株式）
5943,ノーリツ,金属製品,プライム（内国株式）
5945,天龍製鋸,金属製品,スタンダード（内国株式）
5946,長府製作所,金属製品,プライム（内国株式）
5947,リンナイ,金属製品,プライム（内国株式）
5949,ユニプレス,輸送用機器,プライム（内国株式）
5950,日本パワーファスニング,金属製品,スタンダード（内国株式）
5951,ダイニチ工業,金属製品,スタンダード（内国株式）
5952,アマテイ,金属製品,スタンダード（内国株式）
5955,ワイズホールディングス,金属製品,スタンダード（内国株式）
5956,トーソー,金属製品,スタンダード（内国株式）
5957,日東精工,金属製品,プライム（内国株式）
5958,三洋工業,金属製品,スタンダード（内国株式）
5959,岡部,金属製品,プライム（内国株式）
5962,浅香工業,その他製品,スタンダード（内国株式）
5965,フジマック,金属製品,スタンダード（内国株式）
5966,京都機械工具,金属製品,スタンダード（内国株式）
5967,ＴＯＮＥ,金属製品,スタンダード（内国株式）
5969,ロブテックス,金属製品,スタンダード（内国株式）
5970,ジーテクト,金属製品,プライム（内国株式）
5971,共和工業所,金属製品,スタンダード（内国株式）
5973,トーアミ,金属製品,スタンダード（内国株式）
5974,中国工業,金属製品,スタンダード（内国株式）
5975,東プレ,金属製品,プライム（内国株式）
5976,高周波熱錬,金属製品,プライム（内国株式）
5981,東京製綱,金属製品,プライム（内国株式）
5982,マルゼン,金属製品,スタンダード（内国株式）
5983,イワブチ,金属製品,スタンダード（内国株式）
5984,兼房,金属製品,スタンダード（内国株式）
5985,サンコール,金属製品,スタンダード（内国株式）
5986,モリテック　スチール,金属製品,スタンダード（内国株式）
5987,オーネックス,金属製品,スタンダード（内国株式）
5988,パイオラックス,金属製品,プライム（内国株式）
5989,エイチワン,金属製品,プライム（内国株式）
598A,チャットプラス,情報・通信業,グロース（内国株式）
5990,スーパーツール,金属製品,スタンダード（内国株式）
5991,日本発條,金属製品,プライム（内国株式）
5992,中央発條,金属製品,スタンダード（内国株式）
5994,ファインシンター,金属製品,スタンダード（内国株式）
5997,協立エアテック,金属製品,スタンダード（内国株式）
5998,アドバネクス,金属製品,スタンダード（内国株式）
6005,三浦工業,機械,プライム（内国株式）
6013,タクマ,機械,プライム（内国株式）
6016,ジャパンエンジンコーポレーション,輸送用機器,スタンダード（内国株式）
6018,阪神内燃機工業,輸送用機器,スタンダード（内国株式）
6022,赤阪鐵工所,機械,スタンダード（内国株式）
6023,ダイハツインフィニアース,輸送用機器,スタンダード（内国株式）
6027,弁護士ドットコム,サービス業,プライム（内国株式）
6029,アトラグループ,サービス業,スタンダード（内国株式）
6030,アドベンチャー,サービス業,グロース（内国株式）
6031,ＺＥＴＡ,サービス業,グロース（内国株式）
6033,エクストリーム,サービス業,グロース（内国株式）
6034,ＭＲＴ,サービス業,グロース（内国株式）
6035,アイ・アールジャパンホールディングス,サービス業,スタンダード（内国株式）
6036,ＫｅｅＰｅｒ技研,サービス業,プライム（内国株式）
6037,楽待,サービス業,スタンダード（内国株式）
6038,イード,サービス業,グロース（内国株式）
6039,日本動物高度医療センター,サービス業,グロース（内国株式）
603A,アイ・グリッド・ソリューションズ,電気・ガス業,グロース（内国株式）
6040,日本スキー場開発,サービス業,グロース（内国株式）
6042,ニッキ,輸送用機器,スタンダード（内国株式）
6044,三機サービス,サービス業,スタンダード（内国株式）
6045,レントラックス,サービス業,グロース（内国株式）
6046,リンクバル,サービス業,スタンダード（内国株式）
6047,Ｇｕｎｏｓｙ,サービス業,スタンダード（内国株式）
6049,イトクロ,サービス業,グロース（内国株式）
604A,ビーエイブル,建設業,スタンダード（内国株式）
6050,イー・ガーディアン,サービス業,プライム（内国株式）
6054,リブセンス,サービス業,スタンダード（内国株式）
6055,ジャパンマテリアル,サービス業,プライム（内国株式）
6058,ベクトル,サービス業,プライム（内国株式）
6059,ウチヤマホールディングス,サービス業,スタンダード（内国株式）
6061,ユニバーサル園芸社,サービス業,スタンダード（内国株式）
6062,チャーム・ケア・コーポレーション,サービス業,プライム（内国株式）
6063,日本エマージェンシーアシスタンス,サービス業,スタンダード（内国株式）
6069,トレンダーズ,サービス業,グロース（内国株式）
6070,キャリアリンク,サービス業,プライム（内国株式）
6071,ＩＢＪ,サービス業,プライム（内国株式）
6072,地盤ネットホールディングス,サービス業,スタンダード（内国株式）
6073,アサンテ,サービス業,プライム（内国株式）
6074,ジェイエスエス,サービス業,スタンダード（内国株式）
6078,バリューＨＲ,サービス業,プライム（内国株式）
607A,エブリー,サービス業,グロース（内国株式）
6080,Ｍ＆Ａキャピタルパートナーズ,サービス業,プライム（内国株式）
6081,アライドアーキテクツ,サービス業,グロース（内国株式）
6082,ライドオンエクスプレスホールディングス,サービス業,スタンダード（内国株式）
6083,ＥＲＩホールディングス,サービス業,スタンダード（内国株式）
6085,アーキテクツ・スタジオ・ジャパン,サービス業,グロース（内国株式）
6086,シンメンテホールディングス,サービス業,グロース（内国株式）
6087,アビスト,サービス業,スタンダード（内国株式）
6088,シグマクシス・ホールディングス,サービス業,プライム（内国株式）
6089,ウィルグループ,サービス業,プライム（内国株式）
6090,ヒューマン・メタボローム・テクノロジーズ,サービス業,スタンダード（内国株式）
6091,ウエスコホールディングス,サービス業,スタンダード（内国株式）
6092,エンバイオ・ホールディングス,サービス業,スタンダード（内国株式）
6093,ミトラグループ,サービス業,スタンダード（内国株式）
6094,フリークアウト・ホールディングス,サービス業,グロース（内国株式）
6098,リクルートホールディングス,サービス業,プライム（内国株式）
6099,エラン,サービス業,プライム（内国株式）
6101,ツガミ,機械,プライム（内国株式）
6103,オークマ,機械,プライム（内国株式）
6104,芝浦機械,機械,プライム（内国株式）
6113,アマダ,機械,プライム（内国株式）
6118,アイダエンジニアリング,機械,プライム（内国株式）
6125,岡本工作機械製作所,機械,スタンダード（内国株式）
6134,ＦＵＪＩ,機械,プライム（内国株式）
6135,牧野フライス製作所,機械,プライム（内国株式）
6136,オーエスジー,機械,プライム（内国株式）
6137,小池酸素工業,機械,スタンダード（内国株式）
6138,ダイジェット工業,機械,スタンダード（内国株式）
6140,旭ダイヤモンド工業,機械,プライム（内国株式）
6141,ＤＭＧ森精機,機械,プライム（内国株式）
6143,ソディック,機械,プライム（内国株式）
6144,西部電機,機械,スタンダード（内国株式）
6145,ＮＩＴＴＯＫＵ,機械,スタンダード（内国株式）
6146,ディスコ,機械,プライム（内国株式）
6147,ヤマザキ,機械,スタンダード（内国株式）
6149,小田原エンジニアリング,機械,スタンダード（内国株式）
6150,タケダ機械,機械,スタンダード（内国株式）
6151,日東工器,機械,プライム（内国株式）
6155,高松機械工業,機械,スタンダード（内国株式）
6156,エーワン精密,機械,スタンダード（内国株式）
6157,日進工具,機械,スタンダード（内国株式）
6158,和井田製作所,機械,スタンダード（内国株式）
6159,ミクロン精密,機械,スタンダード（内国株式）
6161,エスティック,機械,スタンダード（内国株式）
6165,パンチ工業,機械,スタンダード（内国株式）
6166,中村超硬,機械,グロース（内国株式）
6167,冨士ダイス,機械,プライム（内国株式）
6171,土木管理総合試験所,サービス業,スタンダード（内国株式）
6176,ブランジスタ,サービス業,スタンダード（内国株式）
6177,ＡｐｐＢａｎｋ,サービス業,グロース（内国株式）
6178,日本郵政,サービス業,プライム（内国株式）
6180,ＧＭＯメディア,サービス業,グロース（内国株式）
6181,タメニー,サービス業,グロース（内国株式）
6182,メタリアル,サービス業,グロース（内国株式）
6183,ベルシステム２４ホールディングス,サービス業,プライム（内国株式）
6184,鎌倉新書,サービス業,プライム（内国株式）
6185,ＳＭＮ,サービス業,スタンダード（内国株式）
6186,一蔵,サービス業,スタンダード（内国株式）
6189,グローバルキッズＣＯＭＰＡＮＹ,サービス業,スタンダード（内国株式）
6190,フェニックスバイオ,サービス業,グロース（内国株式）
6191,エアトリ,サービス業,プライム（内国株式）
6193,バーチャレクス・ホールディングス,サービス業,グロース（内国株式）
6194,アトラエ,サービス業,プライム（内国株式）
6195,ホープ,サービス業,グロース（内国株式）
6196,ストライクグループ,サービス業,プライム（内国株式）
6198,キャリア,サービス業,グロース（内国株式）
6199,セラク,情報・通信業,スタンダード（内国株式）
6200,インソース,サービス業,プライム（内国株式）
6203,豊和工業,機械,スタンダード（内国株式）
6208,石川製作所,機械,スタンダード（内国株式）
6209,リケンＮＰＲ,機械,プライム（内国株式）
6217,津田駒工業,機械,スタンダード（内国株式）
6218,エンシュウ,機械,スタンダード（内国株式）
6222,島精機製作所,機械,プライム（内国株式）
6223,西部技研,機械,スタンダード（内国株式）
6224,ＪＲＣ,機械,グロース（内国株式）
6226,守谷輸送機工業,機械,スタンダード（内国株式）
6227,ＡＩメカテック,機械,スタンダード（内国株式）
6228,ジェイ・イー・ティ,機械,スタンダード（内国株式）
6229,オーケーエム,機械,スタンダード（内国株式）
6230,ＳＡＮＥＩ,機械,スタンダード（内国株式）
6231,木村工機,機械,スタンダード（内国株式）
6232,ＡＣＳＬ,機械,グロース（内国株式）
6233,ＫＬＡＳＳ,機械,スタンダード（内国株式）
6235,オプトラン,機械,プライム（内国株式）
6237,イワキポンプ,機械,プライム（内国株式）
6238,フリュー,機械,プライム（内国株式）
6239,ナガオカ,機械,スタンダード（内国株式）
6240,ヤマシンフィルタ,機械,プライム（内国株式）
6245,ヒラノテクシード,機械,スタンダード（内国株式）
6246,テクノスマート,機械,スタンダード（内国株式）
6247,日阪製作所,機械,プライム（内国株式）
6248,横田製作所,機械,スタンダード（内国株式）
6249,ゲームカードホールディングス,機械,スタンダード（内国株式）
6250,やまびこ,機械,プライム（内国株式）
6254,野村マイクロ・サイエンス,機械,プライム（内国株式）
6255,エヌ・ピー・シー,機械,グロース（内国株式）
6257,藤商事,機械,スタンダード（内国株式）
6258,平田機工,機械,プライム（内国株式）
6262,ＰＥＧＡＳＵＳ,機械,スタンダード（内国株式）
6264,マルマエ,機械,プライム（内国株式）
6265,コンバム,機械,スタンダード（内国株式）
6266,タツモ,機械,プライム（内国株式）
6267,ゼネラルパッカー,機械,スタンダード（内国株式）
6268,ナブテスコ,機械,プライム（内国株式）
6269,三井海洋開発,機械,プライム（内国株式）
6272,レオン自動機,機械,プライム（内国株式）
6273,ＳＭＣ,機械,プライム（内国株式）
6276,シリウスビジョン,電気機器,スタンダード（内国株式）
6277,ホソカワミクロン,機械,プライム（内国株式）
6278,ユニオンツール,機械,プライム（内国株式）
6279,瑞光,機械,プライム（内国株式）
6282,オイレス工業,機械,プライム（内国株式）
6284,日精エー・エス・ビー機械,機械,プライム（内国株式）
6286,靜甲,機械,スタンダード（内国株式）
6287,サトー,機械,プライム（内国株式）
6289,技研製作所,機械,プライム（内国株式）
6291,日本エアーテック,機械,スタンダード（内国株式）
6292,カワタ,機械,スタンダード（内国株式）
6294,オカダアイヨン,機械,プライム（内国株式）
6298,ワイエイシイホールディングス,機械,プライム（内国株式）
6301,小松製作所,機械,プライム（内国株式）
6302,住友重機械工業,機械,プライム（内国株式）
6305,日立建機,機械,プライム（内国株式）
6306,日工,機械,プライム（内国株式）
6307,サンセイ,機械,スタンダード（内国株式）
6309,巴工業,機械,プライム（内国株式）
6310,井関農機,機械,プライム（内国株式）
6315,ＴＯＷＡ,機械,プライム（内国株式）
6316,丸山製作所,機械,スタンダード（内国株式）
6317,北川鉄工所,機械,スタンダード（内国株式）
6322,タクミナ,機械,スタンダード（内国株式）
6323,ローツェ,機械,プライム（内国株式）
6324,ハーモニック・ドライブ・システムズ,機械,プライム（内国株式）
6325,タカキタ,機械,スタンダード（内国株式）
6326,クボタ,機械,プライム（内国株式）
6327,北川精機,機械,スタンダード（内国株式）
6328,荏原実業,機械,プライム（内国株式）
6330,東洋エンジニアリング,建設業,プライム（内国株式）
6331,三菱化工機,機械,プライム（内国株式）
6332,月島ホールディングス,機械,プライム（内国株式）
6333,ＴＥＩＫＯＫＵ,機械,プライム（内国株式）
6334,明治機械,機械,スタンダード（内国株式）
6335,東京機械製作所,機械,スタンダード（内国株式）
6336,石井表記,機械,スタンダード（内国株式）
6337,テセック,機械,スタンダード（内国株式）
6338,タカトリ,機械,スタンダード（内国株式）
6339,新東工業,機械,プライム（内国株式）
6340,澁谷工業,機械,プライム（内国株式）
6342,太平製作所,機械,スタンダード（内国株式）
6343,フリージア・マクロス,機械,スタンダード（内国株式）
6345,アイチ　コーポレーション,機械,プライム（内国株式）
6346,キクカワエンタープライズ,機械,スタンダード（内国株式）
6347,プラコー,機械,スタンダード（内国株式）
6349,小森コーポレーション,機械,プライム（内国株式）
6351,鶴見製作所,機械,プライム（内国株式）
6356,日本ギア工業,機械,スタンダード（内国株式）
6357,三精テクノロジーズ,機械,スタンダード（内国株式）
6358,酒井重工業,機械,プライム（内国株式）
6360,東京自働機械製作所,機械,スタンダード（内国株式）
6361,荏原製作所,機械,プライム（内国株式）
6363,酉島製作所,機械,プライム（内国株式）
6364,ＡＩＲＭＡＮ,機械,プライム（内国株式）
6365,電業社機械製作所,機械,スタンダード（内国株式）
6366,千代田化工建設,建設業,スタンダード（内国株式）
6367,ダイキン工業,機械,プライム（内国株式）
6368,オルガノ,機械,プライム（内国株式）
6369,トーヨーカネツ,機械,プライム（内国株式）
6370,栗田工業,機械,プライム（内国株式）
6371,椿本チエイン,機械,プライム（内国株式）
6376,日機装,精密機器,プライム（内国株式）
6378,木村化工機,機械,スタンダード（内国株式）
6379,レイズネクスト,建設業,プライム（内国株式）
6380,オリエンタルチエン工業,機械,スタンダード（内国株式）
6381,アネスト岩田,機械,プライム（内国株式）
6382,トリニティ工業,機械,スタンダード（内国株式）
6383,ダイフク,機械,プライム（内国株式）
6384,昭和真空,機械,スタンダード（内国株式）
6387,サムコ,機械,プライム（内国株式）
6390,加藤製作所,機械,プライム（内国株式）
6391,加地テック,機械,スタンダード（内国株式）
6392,ヤマダコーポレーション,機械,スタンダード（内国株式）
6393,油研工業,機械,スタンダード（内国株式）
6395,タダノ,機械,プライム（内国株式）
6396,宇野澤組鐵工所,機械,スタンダード（内国株式）
6400,不二精機,機械,スタンダード（内国株式）
6402,兼松エンジニアリング,機械,スタンダード（内国株式）
6405,鈴茂器工,機械,スタンダード（内国株式）
6407,ＣＫＤ,機械,プライム（内国株式）
6408,小倉クラッチ,機械,スタンダード（内国株式）
6412,平和,機械,プライム（内国株式）
6413,理想科学工業,機械,プライム（内国株式）
6417,ＳＡＮＫＹＯ,機械,プライム（内国株式）
6418,日本金銭機械,機械,プライム（内国株式）
6419,マースグループホールディングス,機械,プライム（内国株式）
6420,ガリレイホールディングス,機械,プライム（内国株式）
6424,高見沢サイバネティックス,機械,スタンダード（内国株式）
6425,ユニバーサルエンターテインメント,機械,スタンダード（内国株式）
6428,オーイズミ,機械,スタンダード（内国株式）
6430,ダイコク電機,機械,プライム（内国株式）
6432,竹内製作所,機械,プライム（内国株式）
6433,ヒーハイスト,機械,スタンダード（内国株式）
6436,アマノ,機械,プライム（内国株式）
6440,ＪＵＫＩ,機械,プライム（内国株式）
6444,サンデン,機械,スタンダード（内国株式）
6445,ジャノメ,機械,プライム（内国株式）
6448,ブラザー工業,電気機器,プライム（内国株式）
6454,マックス,機械,プライム（内国株式）
6455,モリタホールディングス,輸送用機器,プライム（内国株式）
6457,グローリー,機械,プライム（内国株式）
6458,新晃工業,機械,プライム（内国株式）
6459,だいわ,機械,プライム（内国株式）
6460,セガサミーホールディングス,機械,プライム（内国株式）
6463,ＴＰＲ,機械,プライム（内国株式）
6464,ツバキ・ナカシマ,機械,プライム（内国株式）
6465,ホシザキ,機械,プライム（内国株式）
6466,ＴＶＥ,機械,スタンダード（内国株式）
6467,ニチダイ,機械,スタンダード（内国株式）
6469,放電精密加工研究所,機械,スタンダード（内国株式）
6470,大豊工業,機械,スタンダード（内国株式）
6471,日本精工,機械,プライム（内国株式）
6472,ＮＴＮ,機械,プライム（内国株式）
6473,ジェイテクト,機械,プライム（内国株式）
6474,不二越,機械,プライム（内国株式）
6479,ミネベアミツミ,電気機器,プライム（内国株式）
6480,日本トムソン,機械,プライム（内国株式）
6481,ＴＨＫ,機械,プライム（内国株式）
6482,ＹＵＳＨＩＮ,機械,スタンダード（内国株式）
6484,ＫＶＫ,機械,スタンダード（内国株式）
6485,前澤給装工業,機械,スタンダード（内国株式）
6486,イーグル工業,機械,プライム（内国株式）
6488,ヨシタケ,機械,スタンダード（内国株式）
6490,ＰＩＬＬＡＲ,機械,プライム（内国株式）
6492,岡野バルブ製造,機械,スタンダード（内国株式）
6493,ＮＩＴＴＡＮ,輸送用機器,スタンダード（内国株式）
6494,ＮＦＫホールディングス,機械,スタンダード（内国株式）
6495,宮入バルブ製作所,機械,スタンダード（内国株式）
6496,中北製作所,機械,スタンダード（内国株式）
6497,ハマイ,機械,スタンダード（内国株式）
6498,キッツ,機械,プライム（内国株式）
6501,日立製作所,電気機器,プライム（内国株式）
6503,三菱電機,電気機器,プライム（内国株式）
6504,富士電機,電気機器,プライム（内国株式）
6505,東洋電機製造,電気機器,スタンダード（内国株式）
6506,安川電機,電気機器,プライム（内国株式）
6507,シンフォニアテクノロジー,電気機器,プライム（内国株式）
6508,明電舎,電気機器,プライム（内国株式）
6513,オリジン,電気機器,スタンダード（内国株式）
6516,山洋電気,電気機器,プライム（内国株式）
6517,デンヨー,電気機器,プライム（内国株式）
6518,三相電機,電気機器,スタンダード（内国株式）
6521,オキサイド,電気機器,グロース（内国株式）
6522,アスタリスク,電気機器,グロース（内国株式）
6523,ＰＨＣホールディングス,電気機器,プライム（内国株式）
6524,湖北工業,電気機器,スタンダード（内国株式）
6525,ＫＯＫＵＳＡＩ　ＥＬＥＣＴＲＩＣ,電気機器,プライム（内国株式）
6526,ソシオネクスト,電気機器,プライム（内国株式）
6532,ベイカレント,サービス業,プライム（内国株式）
6533,Ｏｒｃｈｅｓｔｒａ　Ｈｏｌｄｉｎｇｓ,サービス業,プライム（内国株式）
6535,アイモバイル,サービス業,プライム（内国株式）
6537,ＷＡＳＨハウス,サービス業,グロース（内国株式）
6538,ディスラプターズ,サービス業,スタンダード（内国株式）
6539,ＭＳ－Ｊａｐａｎ,サービス業,プライム（内国株式）
6540,船場,サービス業,スタンダード（内国株式）
6543,日宣,サービス業,スタンダード（内国株式）
6544,ジャパンエレベーターサービスホールディングス,サービス業,プライム（内国株式）
6545,インターネットインフィニティー,サービス業,グロース（内国株式）
6546,フルテック,サービス業,スタンダード（内国株式）
6547,グリーンズ,サービス業,スタンダード（内国株式）
6548,旅工房,サービス業,グロース（内国株式）
6549,ディーエムソリューションズ,サービス業,スタンダード（内国株式）
6551,ツナググループ・ホールディングス,サービス業,スタンダード（内国株式）
6552,ＧａｍｅＷｉｔｈ,サービス業,スタンダード（内国株式）
6554,エスユーエス,サービス業,グロース（内国株式）
6555,ＭＳ＆Ｃｏｎｓｕｌｔｉｎｇ,サービス業,スタンダード（内国株式）
6557,ＡＩＡＩグループ,サービス業,グロース（内国株式）
6558,クックビズ,サービス業,グロース（内国株式）
6560,エル・ティー・エス,サービス業,プライム（内国株式）
6561,ＨＡＮＡＴＯＵＲ　ＪＡＰＡＮ,サービス業,グロース（内国株式）
6562,ジーニー,サービス業,グロース（内国株式）
6563,みらいワークス,サービス業,グロース（内国株式）
6564,ミダックホールディングス,サービス業,プライム（内国株式）
6566,要興業,サービス業,スタンダード（内国株式）
6568,神戸天然物化学,サービス業,グロース（内国株式）
6570,共和コーポレーション,サービス業,スタンダード（内国株式）
6571,キュービーネットホールディングス,サービス業,プライム（内国株式）
6572,オープングループ,サービス業,プライム（内国株式）
6573,ＣＲＡＶＩＡ,サービス業,グロース（内国株式）
6574,コンヴァノ,サービス業,グロース（内国株式）
6577,ベストワンドットコム,サービス業,グロース（内国株式）
6578,コレックホールディングス,サービス業,スタンダード（内国株式）
6579,ログリー,サービス業,グロース（内国株式）
6580,ライトアップ,サービス業,グロース（内国株式）
6584,三櫻工業,輸送用機器,プライム（内国株式）
6586,マキタ,機械,プライム（内国株式）
6588,東芝テック,電気機器,プライム（内国株式）
6590,芝浦メカトロニクス,電気機器,プライム（内国株式）
6592,マブチモーター,電気機器,プライム（内国株式）
6594,ニデック,電気機器,プライム（内国株式）
6597,ＨＰＣシステムズ,電気機器,グロース（内国株式）
6599,エブレン,電気機器,スタンダード（内国株式）
6612,バルミューダ,電気機器,グロース（内国株式）
6613,ＱＤレーザ,電気機器,グロース（内国株式）
6614,シキノハイテック,電気機器,スタンダード（内国株式）
6615,ユー・エム・シー・エレクトロニクス,電気機器,プライム（内国株式）
6616,トレックス・セミコンダクター,電気機器,プライム（内国株式）
6617,東光高岳,電気機器,プライム（内国株式）
6619,ダブル・スコープ,電気機器,プライム（内国株式）
6620,宮越ホールディングス,不動産業,プライム（内国株式）
6622,ダイヘン,電気機器,プライム（内国株式）
6625,ＪＡＬＣＯホールディングス,不動産業,スタンダード（内国株式）
6626,ＳＥＭＩＴＥＣ,電気機器,スタンダード（内国株式）
6627,テラプローブ,電気機器,スタンダード（内国株式）
6629,テクノホライゾン,電気機器,スタンダード（内国株式）
6630,ヤーマン,電気機器,プライム（内国株式）
6632,ＪＶＣケンウッド,電気機器,プライム（内国株式）
6633,ＣＧＳホールディングス,電気機器,スタンダード（内国株式）
6634,ＪＮグループ,電気機器,スタンダード（内国株式）
6635,大日光・エンジニアリング,電気機器,スタンダード（内国株式）
6637,寺崎電気産業,電気機器,スタンダード（内国株式）
6638,ミマキエンジニアリング,電気機器,プライム（内国株式）
6643,戸上電機製作所,電気機器,スタンダード（内国株式）
6644,大崎電気工業,電気機器,プライム（内国株式）
6645,オムロン,電気機器,プライム（内国株式）
6647,森尾電機,電気機器,スタンダード（内国株式）
6648,かわでん,電気機器,スタンダード（内国株式）
6651,日東工業,電気機器,プライム（内国株式）
6652,ＩＤＥＣ,電気機器,プライム（内国株式）
6653,正興電機製作所,電気機器,プライム（内国株式）
6654,不二電機工業,電気機器,スタンダード（内国株式）
6656,インスペック,電気機器,スタンダード（内国株式）
6658,シライ電子工業,電気機器,スタンダード（内国株式）
6659,メディアリンクス,電気機器,スタンダード（内国株式）
6662,ユビテック,電気機器,スタンダード（内国株式）
6663,太洋テクノレックス,電気機器,スタンダード（内国株式）
6664,オプトエレクトロニクス,電気機器,スタンダード（内国株式）
6666,リバーエレテック,電気機器,スタンダード（内国株式）
6668,アドテック　プラズマ　テクノロジー,電気機器,スタンダード（内国株式）
6674,ジーエス・ユアサ　コーポレーション,電気機器,プライム（内国株式）
6675,サクサ,電気機器,スタンダード（内国株式）
6676,ＢＵＦＦＡＬＯ,電気機器,スタンダード（内国株式）
6677,エスケーエレクトロニクス,電気機器,スタンダード（内国株式）
6678,テクノメディカ,電気機器,スタンダード（内国株式）
6694,ズーム,電気機器,スタンダード（内国株式）
6696,トラース・オン・プロダクト,電気機器,グロース（内国株式）
6699,ダイヤモンドエレクトリックホールディングス,電気機器,スタンダード（内国株式）
6701,日本電気,電気機器,プライム（内国株式）
6702,富士通,電気機器,プライム（内国株式）
6703,沖電気工業,電気機器,プライム（内国株式）
6706,電気興業,電気機器,プライム（内国株式）
6707,サンケン電気,電気機器,プライム（内国株式）
6718,アイホン,電気機器,プライム（内国株式）
6721,ウインテスト,電気機器,スタンダード（内国株式）
6723,ルネサスエレクトロニクス,電気機器,プライム（内国株式）
6724,セイコーエプソン,電気機器,プライム（内国株式）
6727,ワコム,電気機器,プライム（内国株式）
6728,アルバック,電気機器,プライム（内国株式）
6730,アクセル,電気機器,スタンダード（内国株式）
6731,ピクセラ,電気機器,スタンダード（内国株式）
6736,サン電子,電気機器,スタンダード（内国株式）
6737,ＥＩＺＯ,電気機器,プライム（内国株式）
6740,ジャパンディスプレイ,電気機器,プライム（内国株式）
6741,日本信号,電気機器,プライム（内国株式）
6742,京三製作所,電気機器,プライム（内国株式）
6743,大同信号,電気機器,スタンダード（内国株式）
6744,能美防災,電気機器,プライム（内国株式）
6745,ホーチキ,電気機器,プライム（内国株式）
6748,星和電機,電気機器,スタンダード（内国株式）
6750,エレコム,電気機器,プライム（内国株式）
6752,パナソニック　ホールディングス,電気機器,プライム（内国株式）
6753,シャープ,電気機器,プライム（内国株式）
6754,アンリツ,電気機器,プライム（内国株式）
6757,ＯＳＧコーポレーション,電気機器,スタンダード（内国株式）
6758,ソニーグループ,電気機器,プライム（内国株式）
6762,ＴＤＫ,電気機器,プライム（内国株式）
6763,帝国通信工業,電気機器,プライム（内国株式）
6768,タムラ製作所,電気機器,プライム（内国株式）
6769,ザインエレクトロニクス,電気機器,スタンダード（内国株式）
6770,アルプスアルパイン,電気機器,プライム（内国株式）
6771,池上通信機,電気機器,スタンダード（内国株式）
6772,東京コスモス電機,電気機器,スタンダード（内国株式）
6775,ＴＢグループ,電気機器,スタンダード（内国株式）
6776,天昇電気工業,化学,スタンダード（内国株式）
6777,ｓａｎｔｅｃ　Ｈｏｌｄｉｎｇｓ,電気機器,スタンダード（内国株式）
6778,アルチザネットワークス,電気機器,スタンダード（内国株式）
6779,日本電波工業,電気機器,プライム（内国株式）
6785,鈴木,電気機器,プライム（内国株式）
6786,ＲＶＨ,サービス業,スタンダード（内国株式）
6787,メイコー,電気機器,プライム（内国株式）
6788,日本トリム,電気機器,プライム（内国株式）
6794,フォスター電機,電気機器,プライム（内国株式）
6797,名古屋電機工業,電気機器,スタンダード（内国株式）
6798,ＳＭＫ,電気機器,プライム（内国株式）
6800,ヨコオ,電気機器,プライム（内国株式）
6803,ティアック,電気機器,スタンダード（内国株式）
6804,ホシデン,電気機器,プライム（内国株式）
6806,ヒロセ電機,電気機器,プライム（内国株式）
6807,日本航空電子工業,電気機器,プライム（内国株式）
6809,ＴＯＡ,電気機器,プライム（内国株式）
6810,マクセル,電気機器,プライム（内国株式）
6814,古野電気,電気機器,プライム（内国株式）
6817,スミダコーポレーション,電気機器,プライム（内国株式）
6819,伊豆シャボテンリゾート,サービス業,スタンダード（内国株式）
6820,アイコム,電気機器,プライム（内国株式）
6822,大井電気,電気機器,スタンダード（内国株式）
6823,リオン,電気機器,プライム（内国株式）
6824,新コスモス電機,電気機器,スタンダード（内国株式）
6832,アオイ電子,電気機器,スタンダード（内国株式）
6834,精工技研,電気機器,スタンダード（内国株式）
6835,アライドテレシスホールディングス,電気機器,スタンダード（内国株式）
6836,ぷらっとホーム,電気機器,スタンダード（内国株式）
6837,京写,電気機器,スタンダード（内国株式）
6838,多摩川ホールディングス,電気機器,スタンダード（内国株式）
6840,ＡＫＩＢＡホールディングス,電気機器,スタンダード（内国株式）
6841,横河電機,電気機器,プライム（内国株式）
6844,新電元工業,電気機器,プライム（内国株式）
6845,アズビル,電気機器,プライム（内国株式）
6848,東亜ディーケーケー,電気機器,スタンダード（内国株式）
6849,日本光電工業,電気機器,プライム（内国株式）
6850,チノー,電気機器,プライム（内国株式）
6853,共和電業,電気機器,スタンダード（内国株式）
6855,日本電子材料,電気機器,スタンダード（内国株式）
6856,堀場製作所,電気機器,プライム（内国株式）
6857,アドバンテスト,電気機器,プライム（内国株式）
6858,小野測器,電気機器,スタンダード（内国株式）
6859,エスペック,電気機器,プライム（内国株式）
6861,キーエンス,電気機器,プライム（内国株式）
6862,ミナトホールディングス,電気機器,スタンダード（内国株式）
6863,ニレコ,電気機器,スタンダード（内国株式）
6864,エヌエフホールディングス,電気機器,スタンダード（内国株式）
6866,日置電機,電気機器,プライム（内国株式）
6867,リーダー電子,電気機器,スタンダード（内国株式）
6869,シスメックス,電気機器,プライム（内国株式）
6870,日本フェンオール,電気機器,スタンダード（内国株式）
6871,日本マイクロニクス,電気機器,プライム（内国株式）
6874,協立電機,電気機器,スタンダード（内国株式）
6875,メガチップス,電気機器,プライム（内国株式）
6877,ＯＢＡＲＡ　ＧＲＯＵＰ,電気機器,スタンダード（内国株式）
6882,三社電機製作所,電気機器,スタンダード（内国株式）
6888,アクモス,情報・通信業,スタンダード（内国株式）
6890,フェローテック,電気機器,スタンダード（内国株式）
6894,パルステック工業,電気機器,スタンダード（内国株式）
6897,ツインバード,電気機器,スタンダード（内国株式）
6898,トミタ電機,電気機器,スタンダード（内国株式）
6899,ＡＳＴＩ,電気機器,スタンダード（内国株式）
6902,デンソー,輸送用機器,プライム（内国株式）
6904,原田工業,電気機器,スタンダード（内国株式）
6905,コーセル,電気機器,プライム（内国株式）
6907,ジオマテック,電気機器,スタンダード（内国株式）
6908,イリソ電子工業,電気機器,プライム（内国株式）
6912,菊水ホールディングス,電気機器,スタンダード（内国株式）
6914,オプテックスグループ,電気機器,プライム（内国株式）
6915,千代田インテグレ,電気機器,スタンダード（内国株式）
6918,アバールデータ,電気機器,スタンダード（内国株式）
6919,ケル,電気機器,スタンダード（内国株式）
6920,レーザーテック,電気機器,プライム（内国株式）
6923,スタンレー電気,電気機器,プライム（内国株式）
6925,ウシオ電機,電気機器,プライム（内国株式）
6926,岡谷電機産業,電気機器,スタンダード（内国株式）
6927,ヘリオス　テクノ　ホールディング,電気機器,スタンダード（内国株式）
6928,エノモト,電気機器,スタンダード（内国株式）
6929,日本セラミック,電気機器,プライム（内国株式）
6932,遠藤照明,電気機器,スタンダード（内国株式）
6941,山一電機,電気機器,プライム（内国株式）
6942,ソフィアホールディングス,情報・通信業,スタンダード（内国株式）
6943,ＮＫＫスイッチズ,電気機器,スタンダード（内国株式）
6946,日本アビオニクス,電気機器,スタンダード（内国株式）
6947,図研,電気機器,プライム（内国株式）
6951,日本電子,電気機器,プライム（内国株式）
6952,カシオ計算機,電気機器,プライム（内国株式）
6954,ファナック,電気機器,プライム（内国株式）
6955,ＦＤＫ,電気機器,スタンダード（内国株式）
6958,日本シイエムケイ,電気機器,プライム（内国株式）
6960,フクダ電子,電気機器,スタンダード（内国株式）
6961,エンプラス,電気機器,プライム（内国株式）
6962,大真空,電気機器,プライム（内国株式）
6963,ローム,電気機器,プライム（内国株式）
6964,サンコー,電気機器,スタンダード（内国株式）
6965,浜松ホトニクス,電気機器,プライム（内国株式）
6966,三井ハイテック,電気機器,プライム（内国株式）
6969,松尾電機,電気機器,スタンダード（内国株式）
6971,京セラ,電気機器,プライム（内国株式）
6976,太陽誘電,電気機器,プライム（内国株式）
6977,日本抵抗器製作所,電気機器,スタンダード（内国株式）
6981,村田製作所,電気機器,プライム（内国株式）
6982,リード,輸送用機器,スタンダード（内国株式）
6986,双葉電子工業,電気機器,プライム（内国株式）
6988,日東電工,化学,プライム（内国株式）
6989,北陸電気工業,電気機器,スタンダード（内国株式）
6993,大黒屋ホールディングス,小売業,スタンダード（内国株式）
6994,指月電機製作所,電気機器,スタンダード（内国株式）
6995,東海理化電機製作所,輸送用機器,プライム（内国株式）
6996,ニチコン,電気機器,プライム（内国株式）
6997,日本ケミコン,電気機器,プライム（内国株式）
6998,日本タングステン,電気機器,スタンダード（内国株式）
6999,ＫＯＡ,電気機器,プライム（内国株式）
7003,三井Ｅ＆Ｓ,機械,プライム（内国株式）
7004,カナデビア,機械,プライム（内国株式）
7011,三菱重工業,機械,プライム（内国株式）
7012,川崎重工業,輸送用機器,プライム（内国株式）
7013,ＩＨＩ,機械,プライム（内国株式）
7014,名村造船所,輸送用機器,スタンダード（内国株式）
7018,内海造船,輸送用機器,スタンダード（内国株式）
7021,ニッチツ,機械,スタンダード（内国株式）
7022,サノヤスホールディングス,機械,スタンダード（内国株式）
7030,スプリックス,サービス業,スタンダード（内国株式）
7031,インバウンドテック,サービス業,グロース（内国株式）
7033,マネジメントソリューションズ,サービス業,プライム（内国株式）
7034,プロレド・パートナーズ,サービス業,プライム（内国株式）
7035,ａｎｄ　ｆａｃｔｏｒｙ,サービス業,スタンダード（内国株式）
7036,イーエムネットジャパン,サービス業,グロース（内国株式）
7037,テノ．ホールディングス,サービス業,スタンダード（内国株式）
7038,フロンティア・マネジメント,サービス業,プライム（内国株式）
7039,ブリッジインターナショナルグループ,サービス業,グロース（内国株式）
7040,サン・ライフホールディング,サービス業,スタンダード（内国株式）
7041,ＣＲＧホールディングス,サービス業,グロース（内国株式）
7042,アクセスグループ・ホールディングス,サービス業,スタンダード（内国株式）
7043,アルー,サービス業,グロース（内国株式）
7044,ピアラ,サービス業,スタンダード（内国株式）
7046,ＴＤＳＥ,サービス業,グロース（内国株式）
7047,ポート,サービス業,グロース（内国株式）
7048,ベルトラ,サービス業,グロース（内国株式）
7049,識学,サービス業,グロース（内国株式）
7050,フロンティアインターナショナル,サービス業,グロース（内国株式）
7057,エヌ・シー・エヌ,サービス業,スタンダード（内国株式）
7058,共栄セキュリティーサービス,サービス業,スタンダード（内国株式）
7059,コプロ・ホールディングス,サービス業,プライム（内国株式）
7060,ギークス,サービス業,スタンダード（内国株式）
7061,日本ホスピスホールディングス,サービス業,グロース（内国株式）
7062,フレアス,サービス業,グロース（内国株式）
7063,Ｂｉｒｄｍａｎ,サービス業,グロース（内国株式）
7064,ハウテレビジョン,サービス業,スタンダード（内国株式）
7065,ユーピーアール,サービス業,スタンダード（内国株式）
7066,ピアズ,サービス業,グロース（内国株式）
7067,ブランディングテクノロジー,サービス業,グロース（内国株式）
7068,フィードフォースグループ,サービス業,グロース（内国株式）
7069,サイバー・バズ,サービス業,グロース（内国株式）
7071,アンビスホールディングス,サービス業,プライム（内国株式）
7072,インティメート・マージャー,サービス業,グロース（内国株式）
7073,ジェイック,サービス業,グロース（内国株式）
7074,トゥエンティーフォーセブンホールディングス,サービス業,グロース（内国株式）
7075,ＱＬＳホールディングス,サービス業,グロース（内国株式）
7077,ＡＬｉＮＫインターネット,サービス業,グロース（内国株式）
7078,ＩＮＣＬＵＳＩＶＥ　Ｈｏｌｄｉｎｇｓ,サービス業,グロース（内国株式）
7079,ＷＤＢココ,サービス業,グロース（内国株式）
7080,スポーツフィールド,サービス業,グロース（内国株式）
7081,コーユーレンティア,サービス業,スタンダード（内国株式）
7082,ジモティー,サービス業,グロース（内国株式）
7083,ＡＨＣグループ,サービス業,グロース（内国株式）
7084,Ｓｍｉｌｅ　Ｈｏｌｄｉｎｇｓ,サービス業,グロース（内国株式）
7085,カーブスホールディングス,サービス業,プライム（内国株式）
7087,ウイルテック,サービス業,スタンダード（内国株式）
7089,フォースタートアップス,サービス業,グロース（内国株式）
7090,リグア,サービス業,グロース（内国株式）
7091,リビングプラットフォーム,サービス業,グロース（内国株式）
7093,アディッシュ,サービス業,グロース（内国株式）
7094,ＮｅｘＴｏｎｅ,サービス業,グロース（内国株式）
7095,Ｍａｃｂｅｅ　Ｐｌａｎｅｔ,サービス業,プライム（内国株式）
7096,ステムセル研究所,サービス業,グロース（内国株式）
7097,さくらさくプラス,サービス業,グロース（内国株式）
7102,日本車輌製造,輸送用機器,プライム（内国株式）
7110,クラシコム,小売業,グロース（内国株式）
7111,ＩＮＥＳＴ,卸売業,スタンダード（内国株式）
7112,キューブ,小売業,グロース（内国株式）
7114,フーディソン,卸売業,グロース（内国株式）
7115,アルファパーチェス,卸売業,スタンダード（内国株式）
7119,ハルメクホールディングス,小売業,グロース（内国株式）
7120,ＳＨＩＮＫＯ,卸売業,スタンダード（内国株式）
7122,近畿車輛,輸送用機器,スタンダード（内国株式）
7126,グローバルスタイル,小売業,スタンダード（内国株式）
7127,一家ホールディングス,小売業,スタンダード（内国株式）
7128,ユニソルホールディングス,卸売業,プライム（内国株式）
7129,ミアヘルサホールディングス,小売業,スタンダード（内国株式）
7130,ヤマエグループホールディングス,卸売業,プライム（内国株式）
7131,のむら産業,卸売業,スタンダード（内国株式）
7133,ＨＹＵＧＡ　ＰＲＩＭＡＲＹ　ＣＡＲＥ,小売業,グロース（内国株式）
7134,アップガレージグループ,小売業,スタンダード（内国株式）
7135,ジャパンクラフトホールディングス,小売業,スタンダード（内国株式）
7138,ＴＯＲＩＣＯ,小売業,グロース（内国株式）
7140,ペットゴー,小売業,グロース（内国株式）
7148,ＦＰＧ,証券、商品先物取引業,プライム（内国株式）
7150,島根銀行,銀行業,スタンダード（内国株式）
7157,ライフネット生命保険,保険業,プライム（内国株式）
7161,じもとホールディングス,銀行業,スタンダード（内国株式）
7162,アストマックス,電気・ガス業,スタンダード（内国株式）
7164,全国保証,その他金融業,プライム（内国株式）
7167,めぶきフィナンシャルグループ,銀行業,プライム（内国株式）
7172,ジャパンインベストメントアドバイザー,証券、商品先物取引業,プライム（内国株式）
7173,東京きらぼしフィナンシャルグループ,銀行業,プライム（内国株式）
7175,今村証券,証券、商品先物取引業,スタンダード（内国株式）
7177,ＧＭＯフィナンシャルホールディングス,証券、商品先物取引業,スタンダード（内国株式）
7180,九州フィナンシャルグループ,銀行業,プライム（内国株式）
7181,かんぽ生命保険,保険業,プライム（内国株式）
7182,ゆうちょ銀行,銀行業,プライム（内国株式）
7183,あんしん保証,その他金融業,スタンダード（内国株式）
7184,富山第一銀行,銀行業,プライム（内国株式）
7185,ヒロセ通商,証券、商品先物取引業,スタンダード（内国株式）
7186,横浜フィナンシャルグループ,銀行業,プライム（内国株式）
7187,ジェイリース,その他金融業,プライム（内国株式）
7189,西日本フィナンシャルホールディングス,銀行業,プライム（内国株式）
7191,イントラスト,その他金融業,スタンダード（内国株式）
7192,日本モーゲージサービス,その他金融業,スタンダード（内国株式）
7196,Ｃａｓａ,その他金融業,スタンダード（内国株式）
7198,ＳＢＩアルヒ,その他金融業,プライム（内国株式）
7199,プレミアグループ,その他金融業,プライム（内国株式）
7201,日産自動車,輸送用機器,プライム（内国株式）
7202,いすゞ自動車,輸送用機器,プライム（内国株式）
7203,トヨタ自動車,輸送用機器,プライム（内国株式）
7208,カネミツ,輸送用機器,スタンダード（内国株式）
7211,三菱自動車工業,輸送用機器,プライム（内国株式）
7212,エフテック,輸送用機器,スタンダード（内国株式）
7213,レシップホールディングス,輸送用機器,スタンダード（内国株式）
7214,ＧＭＢ,輸送用機器,スタンダード（内国株式）
7215,ファルテック,輸送用機器,スタンダード（内国株式）
7217,テイン,輸送用機器,スタンダード（内国株式）
7218,田中精密工業,輸送用機器,スタンダード（内国株式）
7219,エッチ・ケー・エス,輸送用機器,スタンダード（内国株式）
7220,武蔵精密工業,輸送用機器,プライム（内国株式）
7222,日産車体,輸送用機器,スタンダード（内国株式）
7224,新明和工業,輸送用機器,プライム（内国株式）
7226,極東開発工業,輸送用機器,プライム（内国株式）
7228,デイトナ,輸送用機器,スタンダード（内国株式）
7231,トピー工業,輸送用機器,プライム（内国株式）
7235,東京ラヂエーター製造,輸送用機器,スタンダード（内国株式）
7236,ティラド,輸送用機器,プライム（内国株式）
7238,曙ブレーキ工業,輸送用機器,プライム（内国株式）
7239,タチエス,輸送用機器,プライム（内国株式）
7240,ＮＯＫ,輸送用機器,プライム（内国株式）
7241,フタバ産業,輸送用機器,プライム（内国株式）
7242,カヤバ,輸送用機器,プライム（内国株式）
7244,市光工業,電気機器,プライム（内国株式）
7245,大同メタル工業,輸送用機器,プライム（内国株式）
7246,プレス工業,輸送用機器,プライム（内国株式）
7247,ミクニ,輸送用機器,スタンダード（内国株式）
7254,ユニバンス,輸送用機器,スタンダード（内国株式）
7255,桜井製作所,輸送用機器,スタンダード（内国株式）
7256,河西工業,輸送用機器,スタンダード（内国株式）
7259,アイシン,輸送用機器,プライム（内国株式）
7261,マツダ,輸送用機器,プライム（内国株式）
7264,ムロコーポレーション,輸送用機器,スタンダード（内国株式）
7265,エイケン工業,輸送用機器,スタンダード（内国株式）
7266,今仙電機製作所,輸送用機器,スタンダード（内国株式）
7267,本田技研工業,輸送用機器,プライム（内国株式）
7269,スズキ,輸送用機器,プライム（内国株式）
7270,ＳＵＢＡＲＵ,輸送用機器,プライム（内国株式）
7271,安永,輸送用機器,スタンダード（内国株式）
7272,ヤマハ発動機,輸送用機器,プライム（内国株式）
7273,イクヨ,輸送用機器,スタンダード（内国株式）
7276,小糸製作所,電気機器,プライム（内国株式）
7277,ＴＢＫ,輸送用機器,スタンダード（内国株式）
7278,エクセディ,輸送用機器,プライム（内国株式）
7279,ハイレックスコーポレーション,輸送用機器,スタンダード（内国株式）
7280,ミツバ,電気機器,プライム（内国株式）
7282,豊田合成,輸送用機器,プライム（内国株式）
7283,愛三工業,輸送用機器,プライム（内国株式）
7284,盟和産業,輸送用機器,スタンダード（内国株式）
7287,日本精機,輸送用機器,スタンダード（内国株式）
7291,日本プラスト,輸送用機器,スタンダード（内国株式）
7292,村上開明堂,輸送用機器,スタンダード（内国株式）
7294,ヨロズ,輸送用機器,プライム（内国株式）
7296,エフ・シー・シー,輸送用機器,プライム（内国株式）
7297,カーメイト,輸送用機器,スタンダード（内国株式）
7299,フジオーゼックス,輸送用機器,スタンダード（内国株式）
7305,新家工業,鉄鋼,スタンダード（内国株式）
7309,シマノ,輸送用機器,プライム（内国株式）
7313,テイ・エス　テック,輸送用機器,プライム（内国株式）
7314,小田原機器,輸送用機器,スタンダード（内国株式）
7318,セレンディップ・ホールディングス,輸送用機器,グロース（内国株式）
7320,Ｓｏｌｖｖｙ,その他金融業,グロース（内国株式）
7322,三十三フィナンシャルグループ,銀行業,プライム（内国株式）
7325,アイリックコーポレーション,保険業,グロース（内国株式）
7326,ＳＢＩインシュアランスグループ,保険業,グロース（内国株式）
7327,第四北越フィナンシャルグループ,銀行業,プライム（内国株式）
7337,ひろぎんホールディングス,銀行業,プライム（内国株式）
7343,ブロードマインド,保険業,グロース（内国株式）
7345,アイ・パートナーズフィナンシャル,その他金融業,グロース（内国株式）
7347,マーキュリアホールディングス,証券、商品先物取引業,プライム（内国株式）
7350,おきなわフィナンシャルグループ,銀行業,プライム（内国株式）
7351,グッドパッチ,サービス業,グロース（内国株式）
7352,ＴＷＯＳＴＯＮＥ＆Ｓｏｎｓ,サービス業,グロース（内国株式）
7353,ＫＩＹＯラーニング,サービス業,グロース（内国株式）
7354,ダイレクトマーケティングミックス,サービス業,スタンダード（内国株式）
7356,Ｒｅｔｔｙ,サービス業,グロース（内国株式）
7357,ジオコード,サービス業,スタンダード（内国株式）
7358,ポピンズ,サービス業,スタンダード（内国株式）
7359,東京通信グループ,サービス業,グロース（内国株式）
7360,オンデック,サービス業,グロース（内国株式）
7361,ヒューマンクリエイションホールディングス,サービス業,グロース（内国株式）
7362,Ｔ．Ｓ．Ｉ,サービス業,グロース（内国株式）
7363,ベビーカレンダー,サービス業,グロース（内国株式）
7366,ＬＩＴＡＬＩＣＯ,サービス業,プライム（内国株式）
7367,セルム,サービス業,スタンダード（内国株式）
7368,表示灯,サービス業,スタンダード（内国株式）
7369,メイホーホールディングス,サービス業,グロース（内国株式）
7370,Ｅｎｊｉｎ,サービス業,グロース（内国株式）
7371,Ｚｅｎｋｅｎ,サービス業,グロース（内国株式）
7372,デコルテ・ホールディングス,サービス業,グロース（内国株式）
7373,アイドマ・ホールディングス,サービス業,グロース（内国株式）
7374,コンフィデンス・インターワークス,サービス業,グロース（内国株式）
7375,リファインバースグループ,サービス業,グロース（内国株式）
7376,ＢＣＣ,サービス業,グロース（内国株式）
7377,ＤＮホールディングス,サービス業,スタンダード（内国株式）
7378,アシロ,サービス業,グロース（内国株式）
7380,十六フィナンシャルグループ,銀行業,プライム（内国株式）
7381,ＣＣＩグループ,銀行業,プライム（内国株式）
7383,ネットプロテクションズホールディングス,その他金融業,プライム（内国株式）
7384,プロクレアホールディングス,銀行業,プライム（内国株式）
7388,ＦＰパートナー,保険業,プライム（内国株式）
7389,あいちフィナンシャルグループ,銀行業,プライム（内国株式）
7399,ナンシン,輸送用機器,スタンダード（内国株式）
7409,ＡｅｒｏＥｄｇｅ,輸送用機器,グロース（内国株式）
7412,アトム,小売業,スタンダード（内国株式）
7413,創健社,卸売業,スタンダード（内国株式）
7414,小野建,卸売業,プライム（内国株式）
7416,はるやまホールディングス,小売業,スタンダード（内国株式）
7417,南陽,卸売業,スタンダード（内国株式）
7419,ノジマ,小売業,プライム（内国株式）
7421,カッパ・クリエイト,小売業,プライム（内国株式）
7422,東邦レマック,卸売業,スタンダード（内国株式）
7425,初穂商事,卸売業,スタンダード（内国株式）
7426,山大,卸売業,スタンダード（内国株式）
7427,エコートレーディング,卸売業,スタンダード（内国株式）
7433,伯東,卸売業,プライム（内国株式）
7434,オータケ,卸売業,スタンダード（内国株式）
7435,ナ・デックス,卸売業,スタンダード（内国株式）
7438,コンドーテック,卸売業,プライム（内国株式）
7442,中山福,卸売業,スタンダード（内国株式）
7443,横浜魚類,卸売業,スタンダード（内国株式）
7444,ハリマ共和物産,卸売業,スタンダード（内国株式）
7446,東北化学薬品,卸売業,スタンダード（内国株式）
7447,ナガイレーベン,卸売業,プライム（内国株式）
7453,良品計画,小売業,プライム（内国株式）
7456,松田産業,卸売業,プライム（内国株式）
7458,第一興商,卸売業,プライム（内国株式）
7459,メディパルホールディングス,卸売業,プライム（内国株式）
7460,ヤギ,卸売業,スタンダード（内国株式）
7461,キムラ,卸売業,スタンダード（内国株式）
7462,ＣＡＰＩＴＡ,小売業,スタンダード（内国株式）
7463,アドヴァングループ,小売業,スタンダード（内国株式）
7464,セフテック,卸売業,スタンダード（内国株式）
7466,ＳＰＫ,卸売業,プライム（内国株式）
7472,鳥羽洋行,卸売業,スタンダード（内国株式）
7475,アルビス,小売業,プライム（内国株式）
7476,アズワン,卸売業,プライム（内国株式）
7477,ムラキ,卸売業,スタンダード（内国株式）
7480,スズデン,卸売業,スタンダード（内国株式）
7481,尾家産業,卸売業,スタンダード（内国株式）
7482,シモジマ,卸売業,プライム（内国株式）
7483,ドウシシャ,卸売業,プライム（内国株式）
7486,サンリン,卸売業,スタンダード（内国株式）
7487,小津産業,卸売業,スタンダード（内国株式）
7490,日新商事,卸売業,スタンダード（内国株式）
7494,コナカ,小売業,スタンダード（内国株式）
7500,西川計測,卸売業,スタンダード（内国株式）
7501,ティムコ,卸売業,スタンダード（内国株式）
7502,プラザホールディングス,サービス業,スタンダード（内国株式）
7504,高速,卸売業,プライム（内国株式）
7505,扶桑電通,卸売業,スタンダード（内国株式）
7506,ハウス　オブ　ローゼ,小売業,スタンダード（内国株式）
7508,Ｇ‐７ホールディングス,小売業,プライム（内国株式）
7509,アイエーグループ,小売業,スタンダード（内国株式）
7510,たけびし,卸売業,プライム（内国株式）
7512,イオン北海道,小売業,スタンダード（内国株式）
7513,コジマ,小売業,プライム（内国株式）
7514,ヒマラヤ,小売業,スタンダード（内国株式）
7515,マルヨシセンター,小売業,スタンダード（内国株式）
7516,コーナン商事,小売業,プライム（内国株式）
7520,エコス,小売業,プライム（内国株式）
7521,ムサシ,卸売業,スタンダード（内国株式）
7522,ワタミ,小売業,プライム（内国株式）
7523,アールビバン,小売業,スタンダード（内国株式）
7524,マルシェ,小売業,スタンダード（内国株式）
7525,リックス,卸売業,プライム（内国株式）
7527,システムソフト,情報・通信業,スタンダード（内国株式）
7531,清和中央ホールディングス,卸売業,スタンダード（内国株式）
7532,パン・パシフィック・インターナショナルホールディングス,小売業,プライム（内国株式）
7537,丸文,卸売業,プライム（内国株式）
7538,大水,卸売業,スタンダード（内国株式）
7539,アイナボホールディングス,卸売業,スタンダード（内国株式）
7544,スリーエフ,小売業,スタンダード（内国株式）
7545,西松屋チェーン,小売業,プライム（内国株式）
7550,ゼンショーホールディングス,小売業,プライム（内国株式）
75505,ゼンショーホールディングス第１回社債型種類株式,小売業,プライム（内国株式）
7551,ウェッズ,輸送用機器,スタンダード（内国株式）
7552,ハピネット,卸売業,プライム（内国株式）
7554,幸楽苑,小売業,プライム（内国株式）
7555,大田花き,卸売業,スタンダード（内国株式）
7561,ハークスレイホールディングス,小売業,スタンダード（内国株式）
7562,安楽亭,小売業,スタンダード（内国株式）
7564,ワークマン,小売業,スタンダード（内国株式）
7565,萬世電機,卸売業,スタンダード（内国株式）
7567,栄電子,卸売業,スタンダード（内国株式）
7570,橋本総業ホールディングス,卸売業,スタンダード（内国株式）
7571,ヤマノホールディングス,小売業,スタンダード（内国株式）
7575,日本ライフライン,卸売業,プライム（内国株式）
7578,ニチリョク,小売業,スタンダード（内国株式）
7581,サイゼリヤ,小売業,プライム（内国株式）
7585,かんなん丸,小売業,スタンダード（内国株式）
7590,タカショー,卸売業,スタンダード（内国株式）
7593,ＶＴホールディングス,小売業,プライム（内国株式）
7595,アルゴグラフィックス,情報・通信業,プライム（内国株式）
7596,魚力,小売業,プライム（内国株式）
7599,ＩＤＯＭ,卸売業,プライム（内国株式）
7600,日本エム・ディ・エム,精密機器,プライム（内国株式）
7601,ポプラ,小売業,スタンダード（内国株式）
7602,レダックス,卸売業,スタンダード（内国株式）
7603,ジーイエット,小売業,スタンダード（内国株式）
7604,梅の花グループ,小売業,スタンダード（内国株式）
7606,ユナイテッドアローズ,小売業,プライム（内国株式）
7607,進和,卸売業,プライム（内国株式）
7608,エスケイジャパン,卸売業,スタンダード（内国株式）
7609,ダイトロン,卸売業,プライム（内国株式）
7610,テイツー,小売業,スタンダード（内国株式）
7611,ハイデイ日高,小売業,プライム（内国株式）
7613,シークス,卸売業,プライム（内国株式）
7614,オーエムツーネットワーク,小売業,スタンダード（内国株式）
7615,京都きもの友禅ホールディングス,小売業,スタンダード（内国株式）
7616,コロワイド,小売業,プライム（内国株式）
7619,田中商事,卸売業,スタンダード（内国株式）
7621,うかい,小売業,スタンダード（内国株式）
7624,ＮａＩＴＯ,卸売業,スタンダード（内国株式）
7625,グローバルダイニング,小売業,スタンダード（内国株式）
7628,オーハシテクニカ,卸売業,プライム（内国株式）
7630,壱番屋,小売業,プライム（内国株式）
7634,星医療酸器,卸売業,スタンダード（内国株式）
7636,ハンズマン,小売業,スタンダード（内国株式）
7637,白銅,卸売業,プライム（内国株式）
7638,ＮＥＷ　ＡＲＴ　ＨＯＬＤＩＮＧＳ,小売業,スタンダード（内国株式）
7640,トップカルチャー,小売業,スタンダード（内国株式）
7643,ダイイチ,小売業,スタンダード（内国株式）
7646,ＰＬＡＮＴ,小売業,スタンダード（内国株式）
7649,スギホールディングス,小売業,プライム（内国株式）
7670,オーウエル,卸売業,スタンダード（内国株式）
7673,ダイコー通産,卸売業,スタンダード（内国株式）
7674,ＮＡＴＴＹ　ＳＷＡＮＫＹホールディングス,小売業,グロース（内国株式）
7677,ヤシマキザイ,卸売業,スタンダード（内国株式）
7678,あさくま,小売業,スタンダード（内国株式）
7679,薬王堂ホールディングス,小売業,プライム（内国株式）
7681,レオクラン,卸売業,スタンダード（内国株式）
7682,浜木綿,小売業,スタンダード（内国株式）
7683,ダブルエー,小売業,プライム（内国株式）
7685,ＢｕｙＳｅｌｌ　Ｔｅｃｈｎｏｌｏｇｉｅｓ,卸売業,グロース（内国株式）
7686,ひとまいる,小売業,スタンダード（内国株式）
7687,ミクリード,卸売業,グロース（内国株式）
7689,コパ・コーポレーション,卸売業,グロース（内国株式）
7692,アースインフィニティ,電気・ガス業,スタンダード（内国株式）
7694,いつも,小売業,グロース（内国株式）
7695,交換できるくん,小売業,グロース（内国株式）
7698,アイスコ,卸売業,スタンダード（内国株式）
7701,島津製作所,精密機器,プライム（内国株式）
7702,ＪＭＳ,精密機器,スタンダード（内国株式）
7707,プレシジョン・システム・サイエンス,精密機器,グロース（内国株式）
7709,クボテック,精密機器,スタンダード（内国株式）
7711,助川電気工業,精密機器,スタンダード（内国株式）
7713,シグマ光機,精密機器,スタンダード（内国株式）
7715,長野計器,精密機器,プライム（内国株式）
7716,ナカニシ,精密機器,スタンダード（内国株式）
7717,ブイ・テクノロジー,精密機器,プライム（内国株式）
7719,東京衡機,精密機器,スタンダード（内国株式）
7721,東京計器,精密機器,プライム（内国株式）
7722,国際計測器,精密機器,スタンダード（内国株式）
7723,愛知時計電機,精密機器,プライム（内国株式）
7725,インターアクション,精密機器,プライム（内国株式）
7726,黒田精工,機械,スタンダード（内国株式）
7727,オーバル,精密機器,スタンダード（内国株式）
7729,東京精密,精密機器,プライム（内国株式）
7730,マニー,精密機器,プライム（内国株式）
7731,ニコン,精密機器,プライム（内国株式）
7733,オリンパス,精密機器,プライム（内国株式）
7734,理研計器,精密機器,プライム（内国株式）
7735,ＳＣＲＥＥＮホールディングス,電気機器,プライム（内国株式）
7740,タムロン,精密機器,プライム（内国株式）
7741,ＨＯＹＡ,精密機器,プライム（内国株式）
7743,シード,精密機器,スタンダード（内国株式）
7744,ノーリツ鋼機,精密機器,プライム（内国株式）
7745,Ａ＆Ｄホロンホールディングス,精密機器,プライム（内国株式）
7746,岡本硝子,精密機器,スタンダード（内国株式）
7747,朝日インテック,精密機器,プライム（内国株式）
7749,メディキット,精密機器,スタンダード（内国株式）
7751,キヤノン,電気機器,プライム（内国株式）
7752,リコー,電気機器,プライム（内国株式）
7760,ＩＭＶ,精密機器,スタンダード（内国株式）
7762,シチズン時計,精密機器,プライム（内国株式）
7769,リズム,精密機器,プライム（内国株式）
7771,日本精密,精密機器,スタンダード（内国株式）
7774,ジャパン・ティッシュエンジニアリング,精密機器,グロース（内国株式）
7775,大研医器,精密機器,スタンダード（内国株式）
7776,セルシード,精密機器,グロース（内国株式）
7777,スリー・ディー・マトリックス,精密機器,グロース（内国株式）
7779,ＣＹＢＥＲＤＹＮＥ,精密機器,グロース（内国株式）
7780,メニコン,精密機器,プライム（内国株式）
7781,平山ホールディングス,精密機器,スタンダード（内国株式）
7782,シンシア,精密機器,スタンダード（内国株式）
7791,ドリームベッド,その他製品,スタンダード（内国株式）
7792,コラントッテ,その他製品,グロース（内国株式）
7793,イメージ・マジック,その他製品,グロース（内国株式）
7794,イーディーピー,その他製品,グロース（内国株式）
7795,ＫＹＯＲＩＴＳＵ,その他製品,スタンダード（内国株式）
7800,アミファ,その他製品,スタンダード（内国株式）
7803,ブシロード,その他製品,グロース（内国株式）
7804,ビーアンドピー,その他製品,スタンダード（内国株式）
7805,プリントネット,その他製品,スタンダード（内国株式）
7806,ＭＴＧ,その他製品,グロース（内国株式）
7807,幸和製作所,その他製品,スタンダード（内国株式）
7808,シー・エス・ランバー,その他製品,スタンダード（内国株式）
7809,壽屋,その他製品,スタンダード（内国株式）
7810,クロスフォー,その他製品,スタンダード（内国株式）
7811,中本パックス,その他製品,スタンダード（内国株式）
7812,クレステック,その他製品,スタンダード（内国株式）
7813,プラッツ,その他製品,スタンダード（内国株式）
7814,日本創発グループ,その他製品,スタンダード（内国株式）
7815,東京ボード工業,その他製品,スタンダード（内国株式）
7818,トランザクション,その他製品,プライム（内国株式）
7819,粧美堂,その他製品,スタンダード（内国株式）
7820,ニホンフラッシュ,その他製品,プライム（内国株式）
7821,前田工繊,その他製品,プライム（内国株式）
7822,永大産業,その他製品,スタンダード（内国株式）
7823,アートネイチャー,その他製品,スタンダード（内国株式）
7826,フルヤ金属,その他製品,プライム（内国株式）
7827,オービス,その他製品,スタンダード（内国株式）
7831,ウイルコホールディングス,その他製品,スタンダード（内国株式）
7832,バンダイナムコホールディングス,その他製品,プライム（内国株式）
7833,アイフィスジャパン,その他製品,スタンダード（内国株式）
7836,アビックス,その他製品,スタンダード（内国株式）
7837,アールシーコア,その他製品,スタンダード（内国株式）
7839,ＳＨＯＥＩ,その他製品,プライム（内国株式）
7840,フランスベッドホールディングス,その他製品,プライム（内国株式）
7841,遠藤製作所,その他製品,スタンダード（内国株式）
7844,マーベラス,情報・通信業,プライム（内国株式）
7846,パイロットコーポレーション,その他製品,プライム（内国株式）
7847,グラファイトデザイン,その他製品,スタンダード（内国株式）
7849,スターツ出版,情報・通信業,スタンダード（内国株式）
7850,総合商研,その他製品,スタンダード（内国株式）
7851,カワセコンピュータサプライ,その他製品,スタンダード（内国株式）
7856,萩原工業,その他製品,プライム（内国株式）
7857,セキ,その他製品,スタンダード（内国株式）
7859,アルメディオ,その他製品,スタンダード（内国株式）
7860,エイベックス,情報・通信業,プライム（内国株式）
7863,平賀,その他製品,スタンダード（内国株式）
7864,フジシールインターナショナル,その他製品,プライム（内国株式）
7865,ピープル,その他製品,スタンダード（内国株式）
7867,タカラトミー,その他製品,プライム（内国株式）
7868,広済堂ホールディングス,その他製品,プライム（内国株式）
7871,フクビ化学工業,化学,スタンダード（内国株式）
7872,エステールホールディングス,その他製品,スタンダード（内国株式）
7874,レック,化学,プライム（内国株式）
7875,竹田ｉＰホールディングス,その他製品,スタンダード（内国株式）
7877,永大化工,化学,スタンダード（内国株式）
7878,光・彩,その他製品,スタンダード（内国株式）
7879,ノダ,その他製品,スタンダード（内国株式）
7883,サンメッセ,その他製品,スタンダード（内国株式）
7885,タカノ,その他製品,スタンダード（内国株式）
7886,ヤマト　モビリティ　＆　Ｍｆｇ．,化学,スタンダード（内国株式）
7887,南海プライウッド,その他製品,スタンダード（内国株式）
7888,三光合成,化学,プライム（内国株式）
7893,プロネクサス,その他製品,プライム（内国株式）
7896,セブン工業,その他製品,スタンダード（内国株式）
7897,ホクシン,その他製品,スタンダード（内国株式）
7898,ウッドワン,その他製品,スタンダード（内国株式）
7901,マツモト,その他製品,スタンダード（内国株式）
7902,ソノコム,その他製品,スタンダード（内国株式）
7906,ヨネックス,その他製品,スタンダード（内国株式）
7908,きもと,化学,スタンダード（内国株式）
7911,ＴＯＰＰＡＮホールディングス,その他製品,プライム（内国株式）
7912,大日本印刷,その他製品,プライム（内国株式）
7914,共同印刷,その他製品,プライム（内国株式）
7915,ＮＩＳＳＨＡ,その他製品,プライム（内国株式）
7916,光村印刷,その他製品,スタンダード（内国株式）
7917,ＺＡＣＲＯＳ,化学,プライム（内国株式）
7918,ヴィア・ホールディングス,小売業,スタンダード（内国株式）
7919,野崎印刷紙業,その他製品,スタンダード（内国株式）
7921,ＴＡＫＡＲＡ　＆　ＣＯＭＰＡＮＹ,その他製品,プライム（内国株式）
7927,ムトー精工,化学,スタンダード（内国株式）
7928,旭化学工業,化学,スタンダード（内国株式）
7931,未来工業,化学,プライム（内国株式）
7932,ニッピ,その他製品,スタンダード（内国株式）
7936,アシックス,その他製品,プライム（内国株式）
7937,ツツミ,その他製品,スタンダード（内国株式）
7938,リーガルコーポレーション,その他製品,スタンダード（内国株式）
7939,研創,その他製品,スタンダード（内国株式）
7942,ＪＳＰ,化学,プライム（内国株式）
7943,ニチハ,ガラス・土石製品,プライム（内国株式）
7944,ローランド,その他製品,プライム（内国株式）
7946,光陽社,その他製品,スタンダード（内国株式）
7947,エフピコ,化学,プライム（内国株式）
7949,小松ウオール工業,その他製品,プライム（内国株式）
7951,ヤマハ,その他製品,プライム（内国株式）
7952,河合楽器製作所,その他製品,プライム（内国株式）
7953,菊水化学工業,その他製品,スタンダード（内国株式）
7955,クリナップ,その他製品,プライム（内国株式）
7956,ピジョン,その他製品,プライム（内国株式）
7957,フジコピアン,その他製品,スタンダード（内国株式）
7962,キングジム,その他製品,プライム（内国株式）
7963,興研,その他製品,スタンダード（内国株式）
7965,象印マホービン,電気機器,プライム（内国株式）
7966,リンテック,その他製品,プライム（内国株式）
7970,信越ポリマー,化学,プライム（内国株式）
7971,東リ,化学,スタンダード（内国株式）
7972,イトーキ,その他製品,プライム（内国株式）
7974,任天堂,その他製品,プライム（内国株式）
7975,リヒトラブ,その他製品,スタンダード（内国株式）
7976,三菱鉛筆,その他製品,プライム（内国株式）
7979,松風,精密機器,プライム（内国株式）
7980,重松製作所,その他製品,スタンダード（内国株式）
7981,タカラスタンダード,その他製品,プライム（内国株式）
7983,ミロク,その他製品,スタンダード（内国株式）
7984,コクヨ,その他製品,プライム（内国株式）
7985,ネポン,金属製品,スタンダード（内国株式）
7986,日本アイ・エス・ケイ,その他製品,スタンダード（内国株式）
7987,ナカバヤシ,その他製品,スタンダード（内国株式）
7988,ニフコ,化学,プライム（内国株式）
7989,立川ブラインド工業,金属製品,プライム（内国株式）
7990,グローブライド,その他製品,プライム（内国株式）
7991,マミヤ・オーピー,機械,スタンダード（内国株式）
7992,セーラー万年筆,その他製品,スタンダード（内国株式）
7994,オカムラ,その他製品,プライム（内国株式）
7995,バルカー,化学,プライム（内国株式）
7997,くろがね工作所,その他製品,スタンダード（内国株式）
8001,伊藤忠商事,卸売業,プライム（内国株式）
8002,丸紅,卸売業,プライム（内国株式）
8005,スクロール,小売業,プライム（内国株式）
8006,ユアサ・フナショク,卸売業,スタンダード（内国株式）
8007,高島,卸売業,プライム（内国株式）
8008,ヨンドシーホールディングス,小売業,プライム（内国株式）
8011,三陽商会,繊維製品,プライム（内国株式）
8012,長瀬産業,卸売業,プライム（内国株式）
8013,ナイガイ,繊維製品,スタンダード（内国株式）
8014,蝶理,卸売業,プライム（内国株式）
8015,豊田通商,卸売業,プライム（内国株式）
8016,オンワードホールディングス,繊維製品,プライム（内国株式）
8018,三共生興,卸売業,スタンダード（内国株式）
8020,兼松,卸売業,プライム（内国株式）
8022,美津濃,その他製品,プライム（内国株式）
8023,ＤＡＩＫＯ　ＸＴＥＣＨ,情報・通信業,スタンダード（内国株式）
8025,ツカモトコーポレーション,卸売業,スタンダード（内国株式）
8029,ルックホールディングス,繊維製品,スタンダード（内国株式）
8030,中央魚類,卸売業,スタンダード（内国株式）
8031,三井物産,卸売業,プライム（内国株式）
8032,日本紙パルプ商事,卸売業,プライム（内国株式）
8035,東京エレクトロン,電気機器,プライム（内国株式）
8037,カメイ,卸売業,プライム（内国株式）
8039,築地魚市場,卸売業,スタンダード（内国株式）
8040,東京ソワール,繊維製品,スタンダード（内国株式）
8041,ＯＵＧホールディングス,卸売業,スタンダード（内国株式）
8043,スターゼン,卸売業,プライム（内国株式）
8045,横浜丸魚,卸売業,スタンダード（内国株式）
8046,丸藤シートパイル,卸売業,スタンダード（内国株式）
8050,セイコーグループ,精密機器,プライム（内国株式）
8051,山善,卸売業,プライム（内国株式）
8052,椿本興業,卸売業,プライム（内国株式）
8053,住友商事,卸売業,プライム（内国株式）
8056,ＢＩＰＲＯＧＹ,情報・通信業,プライム（内国株式）
8057,内田洋行,卸売業,プライム（内国株式）
8058,三菱商事,卸売業,プライム（内国株式）
8059,第一実業,卸売業,プライム（内国株式）
8060,キヤノンマーケティングジャパン,卸売業,プライム（内国株式）
8061,西華産業,卸売業,プライム（内国株式）
8065,佐藤商事,卸売業,プライム（内国株式）
8066,三谷商事,卸売業,スタンダード（内国株式）
8070,東京産業,卸売業,プライム（内国株式）
8074,ＹＵＡＳＡ,卸売業,プライム（内国株式）
8075,神鋼商事,卸売業,プライム（内国株式）
8076,カノークス,卸売業,スタンダード（内国株式）
8077,トルク,卸売業,スタンダード（内国株式）
8078,阪和興業,卸売業,プライム（内国株式）
8079,正栄食品工業,卸売業,プライム（内国株式）
8081,カナデン,卸売業,プライム（内国株式）
8084,ＲＹＯＤＥＮ,卸売業,プライム（内国株式）
8085,ナラサキ産業,卸売業,スタンダード（内国株式）
8086,ニプロ,精密機器,プライム（内国株式）
8088,岩谷産業,卸売業,プライム（内国株式）
8089,ナイス,卸売業,スタンダード（内国株式）
8091,ニチモウ,卸売業,プライム（内国株式）
8093,極東貿易,卸売業,プライム（内国株式）
8095,アステナホールディングス,卸売業,プライム（内国株式）
8097,三愛オブリ,卸売業,プライム（内国株式）
8098,稲畑産業,卸売業,プライム（内国株式）
8101,ＧＳＩクレオス,卸売業,プライム（内国株式）
8103,明和産業,卸売業,プライム（内国株式）
8104,クワザワホールディングス,卸売業,スタンダード（内国株式）
8105,Ｂｉｔｃｏｉｎ　Ｊａｐａｎ,卸売業,スタンダード（内国株式）
8107,キムラタン,繊維製品,スタンダード（内国株式）
8111,ゴールドウイン,繊維製品,プライム（内国株式）
8113,ユニ・チャーム,化学,プライム（内国株式）
8115,ムーンバット,卸売業,スタンダード（内国株式）
8117,中央自動車工業,卸売業,スタンダード（内国株式）
8118,キング,繊維製品,スタンダード（内国株式）
8119,三栄コーポレーション,卸売業,スタンダード（内国株式）
8123,川辺,卸売業,スタンダード（内国株式）
8125,ワキタ,卸売業,プライム（内国株式）
8127,ヤマトインターナショナル,繊維製品,スタンダード（内国株式）
8129,東邦ホールディングス,卸売業,プライム（内国株式）
8130,サンゲツ,卸売業,プライム（内国株式）
8131,ミツウロコグループホールディングス,卸売業,スタンダード（内国株式）
8132,シナネンホールディングス,卸売業,プライム（内国株式）
8133,伊藤忠エネクス,卸売業,プライム（内国株式）
8135,ゼット,卸売業,スタンダード（内国株式）
8136,サンリオ,卸売業,プライム（内国株式）
8137,サンワテクノス,卸売業,プライム（内国株式）
8138,三京化成,卸売業,スタンダード（内国株式）
8139,ナガホリ,卸売業,スタンダード（内国株式）
8141,新光商事,卸売業,プライム（内国株式）
8142,トーホー,卸売業,プライム（内国株式）
8143,ラピーヌ,繊維製品,スタンダード（内国株式）
8144,デンキョーグループホールディングス,卸売業,スタンダード（内国株式）
8147,トミタ,卸売業,スタンダード（内国株式）
8150,三信電気,卸売業,プライム（内国株式）
8151,東陽テクニカ,卸売業,プライム（内国株式）
8152,ソマール,卸売業,スタンダード（内国株式）
8153,モスフードサービス,卸売業,プライム（内国株式）
8154,加賀電子,卸売業,プライム（内国株式）
8157,都築電気,情報・通信業,プライム（内国株式）
8158,ソーダニッカ,卸売業,プライム（内国株式）
8159,立花エレテック,卸売業,プライム（内国株式）
8160,木曽路,小売業,プライム（内国株式）
8163,ＳＲＳホールディングス,小売業,プライム（内国株式）
8165,千趣会,小売業,スタンダード（内国株式）
8166,タカキュー,小売業,スタンダード（内国株式）
8167,リテールパートナーズ,小売業,プライム（内国株式）
8173,Ｊｏｓｈｉｎ,小売業,プライム（内国株式）
8174,日本瓦斯,小売業,プライム（内国株式）
8179,ロイヤルホールディングス,小売業,プライム（内国株式）
8181,東天紅,小売業,スタンダード（内国株式）
8185,チヨダ,小売業,プライム（内国株式）
8194,ライフコーポレーション,小売業,プライム（内国株式）
8198,マックスバリュ東海,小売業,スタンダード（内国株式）
8200,リンガーハット,小売業,プライム（内国株式）
8202,ラオックスホールディングス,小売業,スタンダード（内国株式）
8203,ＭｒＭａｘＨＤ,小売業,プライム（内国株式）
8207,テンアライド,小売業,スタンダード（内国株式）
8214,ＡＯＫＩホールディングス,小売業,プライム（内国株式）
8217,オークワ,小売業,プライム（内国株式）
8218,コメリ,小売業,プライム（内国株式）
8219,青山商事,小売業,プライム（内国株式）
8225,タカチホ,卸売業,スタンダード（内国株式）
8226,理経,卸売業,スタンダード（内国株式）
8227,しまむら,小売業,プライム（内国株式）
8230,はせがわ,小売業,スタンダード（内国株式）
8233,高島屋,小売業,プライム（内国株式）
8237,松屋,小売業,プライム（内国株式）
8242,エイチ・ツー・オー　リテイリング,小売業,プライム（内国株式）
8244,近鉄百貨店,小売業,スタンダード（内国株式）
8247,大和,小売業,スタンダード（内国株式）
8252,丸井グループ,小売業,プライム（内国株式）
8253,クレディセゾン,その他金融業,プライム（内国株式）
8254,さいか屋,小売業,スタンダード（内国株式）
8255,アクシアル　リテイリング,小売業,プライム（内国株式）
8260,井筒屋,小売業,スタンダード（内国株式）
8267,イオン,小売業,プライム（内国株式）
8273,イズミ,小売業,プライム（内国株式）
8275,フォーバル,卸売業,スタンダード（内国株式）
8276,平和堂,小売業,プライム（内国株式）
8278,フジ,小売業,プライム（内国株式）
8281,ゼビオホールディングス,小売業,プライム（内国株式）
8282,ケーズホールディングス,小売業,プライム（内国株式）
8285,三谷産業,卸売業,スタンダード（内国株式）
8291,日産東京販売ホールディングス,小売業,スタンダード（内国株式）
8303,ＳＢＩ新生銀行,銀行業,プライム（内国株式）
8304,あおぞら銀行,銀行業,プライム（内国株式）
8306,三菱ＵＦＪフィナンシャル・グループ,銀行業,プライム（内国株式）
8308,りそなホールディングス,銀行業,プライム（内国株式）
8309,三井住友トラストグループ,銀行業,プライム（内国株式）
8316,三井住友フィナンシャルグループ,銀行業,プライム（内国株式）
8331,千葉銀行,銀行業,プライム（内国株式）
8334,群馬銀行,銀行業,プライム（内国株式）
8336,武蔵野銀行,銀行業,プライム（内国株式）
8337,千葉興業銀行,銀行業,プライム（内国株式）
8338,筑波銀行,銀行業,プライム（内国株式）
8341,七十七銀行,銀行業,プライム（内国株式）
8343,秋田銀行,銀行業,プライム（内国株式）
8344,山形銀行,銀行業,プライム（内国株式）
8345,岩手銀行,銀行業,プライム（内国株式）
8346,東邦銀行,銀行業,プライム（内国株式）
8349,東北銀行,銀行業,スタンダード（内国株式）
8354,ふくおかフィナンシャルグループ,銀行業,プライム（内国株式）
8358,スルガ銀行,銀行業,プライム（内国株式）
8359,八十二長野銀行,銀行業,プライム（内国株式）
8360,山梨中央銀行,銀行業,プライム（内国株式）
8361,大垣共立銀行,銀行業,プライム（内国株式）
8362,福井銀行,銀行業,プライム（内国株式）
8364,清水銀行,銀行業,プライム（内国株式）
8365,富山銀行,銀行業,スタンダード（内国株式）
8366,滋賀銀行,銀行業,プライム（内国株式）
8367,南都銀行,銀行業,プライム（内国株式）
8368,百五銀行,銀行業,プライム（内国株式）
8370,紀陽銀行,銀行業,プライム（内国株式）
8377,ほくほくフィナンシャルグループ,銀行業,プライム（内国株式）
8381,山陰合同銀行,銀行業,プライム（内国株式）
8383,鳥取銀行,銀行業,スタンダード（内国株式）
8386,百十四銀行,銀行業,プライム（内国株式）
8387,四国銀行,銀行業,プライム（内国株式）
8388,阿波銀行,銀行業,プライム（内国株式）
8392,大分銀行,銀行業,プライム（内国株式）
8393,宮崎銀行,銀行業,プライム（内国株式）
8395,佐賀銀行,銀行業,プライム（内国株式）
8399,琉球銀行,銀行業,プライム（内国株式）
8410,セブン銀行,銀行業,プライム（内国株式）
8411,みずほフィナンシャルグループ,銀行業,プライム（内国株式）
8416,高知銀行,銀行業,スタンダード（内国株式）
8418,山口フィナンシャルグループ,銀行業,プライム（内国株式）
8424,芙蓉総合リース,その他金融業,プライム（内国株式）
8425,みずほリース,その他金融業,プライム（内国株式）
8439,東京センチュリー,その他金融業,プライム（内国株式）
8473,ＳＢＩホールディングス,証券、商品先物取引業,プライム（内国株式）
8508,Ｊトラスト,その他金融業,スタンダード（内国株式）
8511,日本証券金融,その他金融業,プライム（内国株式）
8518,日本アジア投資,証券、商品先物取引業,スタンダード（内国株式）
8522,名古屋銀行,銀行業,プライム（内国株式）
8524,北洋銀行,銀行業,プライム（内国株式）
8537,大光銀行,銀行業,スタンダード（内国株式）
8541,愛媛銀行,銀行業,プライム（内国株式）
8542,トマト銀行,銀行業,スタンダード（内国株式）
8544,京葉銀行,銀行業,プライム（内国株式）
8550,栃木銀行,銀行業,プライム（内国株式）
8551,北日本銀行,銀行業,プライム（内国株式）
8558,東和銀行,銀行業,プライム（内国株式）
8562,福島銀行,銀行業,スタンダード（内国株式）
8563,大東銀行,銀行業,スタンダード（内国株式）
8566,リコーリース,その他金融業,プライム（内国株式）
8570,イオンフィナンシャルサービス,その他金融業,プライム（内国株式）
8572,アコム,その他金融業,スタンダード（内国株式）
8584,ジャックス,その他金融業,プライム（内国株式）
8585,オリエントコーポレーション,その他金融業,プライム（内国株式）
8591,オリックス,その他金融業,プライム（内国株式）
8593,三菱ＨＣキャピタル,その他金融業,プライム（内国株式）
8595,ジャフコ　グループ,証券、商品先物取引業,プライム（内国株式）
8596,九州リースサービス,その他金融業,スタンダード（内国株式）
8600,トモニホールディングス,銀行業,プライム（内国株式）
8601,大和証券グループ本社,証券、商品先物取引業,プライム（内国株式）
8604,野村ホールディングス,証券、商品先物取引業,プライム（内国株式）
8609,岡三証券グループ,証券、商品先物取引業,プライム（内国株式）
8613,丸三証券,証券、商品先物取引業,プライム（内国株式）
8614,東洋証券,証券、商品先物取引業,プライム（内国株式）
8616,東海東京フィナンシャル・ホールディングス,証券、商品先物取引業,プライム（内国株式）
8617,光世証券,証券、商品先物取引業,スタンダード（内国株式）
8622,水戸証券,証券、商品先物取引業,プライム（内国株式）
8624,いちよし証券,証券、商品先物取引業,プライム（内国株式）
8628,松井証券,証券、商品先物取引業,プライム（内国株式）
8630,ＳＯＭＰＯホールディングス,保険業,プライム（内国株式）
8697,日本取引所グループ,その他金融業,プライム（内国株式）
8698,マネックスグループ,証券、商品先物取引業,プライム（内国株式）
8699,ＨＳホールディングス,証券、商品先物取引業,スタンダード（内国株式）
8700,丸八証券,証券、商品先物取引業,スタンダード（内国株式）
8704,トレイダーズホールディングス,証券、商品先物取引業,スタンダード（内国株式）
8705,日産証券グループ,証券、商品先物取引業,スタンダード（内国株式）
8706,極東証券,証券、商品先物取引業,プライム（内国株式）
8707,岩井コスモホールディングス,証券、商品先物取引業,プライム（内国株式）
8708,アイザワ証券グループ,証券、商品先物取引業,プライム（内国株式）
8713,フィデアホールディングス,銀行業,プライム（内国株式）
8714,池田泉州ホールディングス,銀行業,プライム（内国株式）
8715,アニコム　ホールディングス,保険業,プライム（内国株式）
8725,ＭＳ＆ＡＤインシュアランスグループホールディングス,保険業,プライム（内国株式）
8729,ソニーフィナンシャルグループ,保険業,プライム（内国株式）
8737,あかつき本社,証券、商品先物取引業,スタンダード（内国株式）
8739,スパークス・グループ,証券、商品先物取引業,プライム（内国株式）
8742,小林洋行,証券、商品先物取引業,スタンダード（内国株式）
8746,ｕｎｂａｎｋｅｄ,証券、商品先物取引業,スタンダード（内国株式）
8747,豊トラスティ証券,証券、商品先物取引業,スタンダード（内国株式）
8750,第一ライフグループ,保険業,プライム（内国株式）
8766,東京海上ホールディングス,保険業,プライム（内国株式）
8769,アドバンテッジリスクマネジメント,サービス業,スタンダード（内国株式）
8771,イー・ギャランティ,その他金融業,プライム（内国株式）
8772,アサックス,その他金融業,スタンダード（内国株式）
8783,ａｂｃ,その他金融業,スタンダード（内国株式）
8789,フィンテック　グローバル,その他金融業,スタンダード（内国株式）
8793,ＮＥＣキャピタルソリューション,その他金融業,プライム（内国株式）
8795,Ｔ＆Ｄホールディングス,保険業,プライム（内国株式）
8798,アドバンスクリエイト,保険業,プライム（内国株式）
8801,三井不動産,不動産業,プライム（内国株式）
8802,三菱地所,不動産業,プライム（内国株式）
8803,平和不動産,不動産業,プライム（内国株式）
8804,東京建物,不動産業,プライム（内国株式）
8818,京阪神ビルディング,不動産業,プライム（内国株式）
8830,住友不動産,不動産業,プライム（内国株式）
8835,太平洋興発,卸売業,スタンダード（内国株式）
8836,ＲＩＳＥ,不動産業,スタンダード（内国株式）
8841,テーオーシー,不動産業,スタンダード（内国株式）
8844,コスモスイニシア,不動産業,スタンダード（内国株式）
8848,レオパレス２１,不動産業,プライム（内国株式）
8850,スターツコーポレーション,不動産業,プライム（内国株式）
8860,フジ住宅,不動産業,プライム（内国株式）
8864,空港施設,不動産業,スタンダード（内国株式）
8869,明和地所,不動産業,スタンダード（内国株式）
8871,ゴールドクレスト,不動産業,スタンダード（内国株式）
8876,リログループ,サービス業,プライム（内国株式）
8877,エスリード,不動産業,プライム（内国株式）
8881,日神グループホールディングス,不動産業,プライム（内国株式）
8887,シーラホールディングス,不動産業,スタンダード（内国株式）
8891,ＡＭＧホールディングス,不動産業,スタンダード（内国株式）
8892,エスコン,不動産業,プライム（内国株式）
8894,ＲＥＶＯＬＵＴＩＯＮ,不動産業,スタンダード（内国株式）
8897,ＭＩＲＡＲＴＨホールディングス,不動産業,プライム（内国株式）
8898,センチュリー２１・ジャパン,不動産業,スタンダード（内国株式）
8904,ＡＶＡＮＴＩＡ,不動産業,スタンダード（内国株式）
8908,毎日コムネット,不動産業,スタンダード（内国株式）
8912,エリアクエスト,不動産業,スタンダード（内国株式）
8914,エリアリンク,不動産業,スタンダード（内国株式）
8917,ファースト住建,不動産業,スタンダード（内国株式）
8918,ランド,不動産業,スタンダード（内国株式）
8919,カチタス,不動産業,プライム（内国株式）
8920,東祥,サービス業,スタンダード（内国株式）
8923,トーセイ,不動産業,プライム（内国株式）
8927,明豊エンタープライズ,不動産業,スタンダード（内国株式）
8928,穴吹興産,不動産業,スタンダード（内国株式）
8929,青山財産ネットワークス,不動産業,スタンダード（内国株式）
8931,和田興産,不動産業,スタンダード（内国株式）
8934,サンフロンティア不動産,不動産業,プライム（内国株式）
8935,ＦＪネクストホールディングス,不動産業,プライム（内国株式）
8938,グローム・ホールディングス,不動産業,グロース（内国株式）
8944,ランドビジネス,不動産業,スタンダード（内国株式）
8945,サンネクスタグループ,不動産業,スタンダード（内国株式）
8946,ＡＳＩＡＮ　ＳＴＡＲ,不動産業,スタンダード（内国株式）
8995,誠建設工業,不動産業,スタンダード（内国株式）
8996,ハウスフリーダム,不動産業,スタンダード（内国株式）
8999,グランディハウス,不動産業,プライム（内国株式）
9001,東武鉄道,陸運業,プライム（内国株式）
9003,相鉄ホールディングス,陸運業,プライム（内国株式）
9005,東急,陸運業,プライム（内国株式）
9006,京浜急行電鉄,陸運業,プライム（内国株式）
9007,小田急電鉄,陸運業,プライム（内国株式）
9008,京王電鉄,陸運業,プライム（内国株式）
9009,京成電鉄,陸運業,プライム（内国株式）
9010,富士急行,陸運業,プライム（内国株式）
9012,秩父鉄道,陸運業,スタンダード（内国株式）
9017,新潟交通,陸運業,スタンダード（内国株式）
9020,東日本旅客鉄道,陸運業,プライム（内国株式）
9021,西日本旅客鉄道,陸運業,プライム（内国株式）
9022,東海旅客鉄道,陸運業,プライム（内国株式）
9023,東京地下鉄,陸運業,プライム（内国株式）
9024,西武ホールディングス,陸運業,プライム（内国株式）
9025,鴻池運輸,陸運業,プライム（内国株式）
9028,ゼロ,陸運業,スタンダード（内国株式）
9029,ヒガシホールディングス,陸運業,スタンダード（内国株式）
9031,西日本鉄道,陸運業,プライム（内国株式）
9033,広島電鉄,陸運業,スタンダード（内国株式）
9034,南総通運,陸運業,スタンダード（内国株式）
9036,東部ネットワーク,陸運業,スタンダード（内国株式）
9037,ハマキョウレックス,陸運業,プライム（内国株式）
9039,サカイ引越センター,陸運業,プライム（内国株式）
9041,近鉄グループホールディングス,陸運業,プライム（内国株式）
9042,阪急阪神ホールディングス,陸運業,プライム（内国株式）
9044,ＮＡＮＫＡＩ,陸運業,プライム（内国株式）
9045,京阪ホールディングス,陸運業,プライム（内国株式）
9046,神戸電鉄,陸運業,スタンダード（内国株式）
9048,名古屋鉄道,陸運業,プライム（内国株式）
9049,京福電気鉄道,陸運業,スタンダード（内国株式）
9051,センコン物流,陸運業,スタンダード（内国株式）
9052,山陽電気鉄道,陸運業,プライム（内国株式）
9057,遠州トラック,陸運業,スタンダード（内国株式）
9059,カンダホールディングス,陸運業,スタンダード（内国株式）
9060,日本ロジテム,陸運業,スタンダード（内国株式）
9063,岡山県貨物運送,陸運業,スタンダード（内国株式）
9064,ヤマトホールディングス,陸運業,プライム（内国株式）
9065,山九,陸運業,プライム（内国株式）
9068,丸全昭和運輸,陸運業,プライム（内国株式）
9069,センコーグループホールディングス,陸運業,プライム（内国株式）
9072,ニッコンホールディングス,陸運業,プライム（内国株式）
9073,京極運輸商事,陸運業,スタンダード（内国株式）
9074,日本石油輸送,陸運業,スタンダード（内国株式）
9075,福山通運,陸運業,プライム（内国株式）
9076,セイノーホールディングス,陸運業,プライム（内国株式）
9081,神奈川中央交通,陸運業,プライム（内国株式）
9082,大和自動車交通,陸運業,スタンダード（内国株式）
9083,神姫バス,陸運業,スタンダード（内国株式）
9087,タカセ,陸運業,スタンダード（内国株式）
9090,ＡＺ－ＣＯＭ丸和ホールディングス,陸運業,プライム（内国株式）
9101,日本郵船,海運業,プライム（内国株式）
9104,商船三井,海運業,プライム（内国株式）
9107,川崎汽船,海運業,プライム（内国株式）
9110,ＮＳユナイテッド海運,海運業,プライム（内国株式）
9115,明海グループ,海運業,スタンダード（内国株式）
9119,飯野海運,海運業,プライム（内国株式）
9127,玉井商船,海運業,スタンダード（内国株式）
9130,共栄タンカー,海運業,スタンダード（内国株式）
9142,九州旅客鉄道,陸運業,プライム（内国株式）
9143,ＳＧホールディングス,陸運業,プライム（内国株式）
9145,ビーイングホールディングス,陸運業,スタンダード（内国株式）
9147,ＮＩＰＰＯＮ　ＥＸＰＲＥＳＳホールディングス,陸運業,プライム（内国株式）
9158,シーユーシー,サービス業,グロース（内国株式）
9159,Ｗ　ＴＯＫＹＯ,サービス業,グロース（内国株式）
9160,オンザページ,サービス業,スタンダード（内国株式）
9162,ブリーチ,サービス業,グロース（内国株式）
9163,ナレルグループ,サービス業,グロース（内国株式）
9165,クオルテック,サービス業,グロース（内国株式）
9166,ＧＥＮＤＡ,サービス業,グロース（内国株式）
9168,ライズ・コンサルティング・グループ,サービス業,グロース（内国株式）
9171,栗林商船,海運業,スタンダード（内国株式）
9173,東海汽船,海運業,スタンダード（内国株式）
9193,東京汽船,倉庫・運輸関連業,スタンダード（内国株式）
9201,日本航空,空運業,プライム（内国株式）
92015,日本航空株式会社第１回社債型種類株式,空運業,プライム（内国株式）
9202,ＡＮＡホールディングス,空運業,プライム（内国株式）
92025,ＡＮＡホールディングス第１回社債型種類株式,空運業,プライム（内国株式）
9204,スカイマーク,空運業,グロース（内国株式）
9206,スターフライヤー,空運業,スタンダード（内国株式）
9211,エフ・コード,サービス業,グロース（内国株式）
9212,Ｇｒｅｅｎ　Ｅａｒｔｈ　Ｉｎｓｔｉｔｕｔｅ,サービス業,グロース（内国株式）
9213,セイファート,サービス業,スタンダード（内国株式）
9214,Ｒｅｃｏｖｅｒｙ　Ｉｎｔｅｒｎａｔｉｏｎａｌ,サービス業,グロース（内国株式）
9215,ＣａＳｙ,サービス業,グロース（内国株式）
9216,ビーウィズ,サービス業,プライム（内国株式）
9218,メンタルヘルステクノロジーズ,サービス業,グロース（内国株式）
9219,ギックス,サービス業,グロース（内国株式）
9220,エフビー介護サービス,サービス業,スタンダード（内国株式）
9221,フルハシＥＰＯ,サービス業,スタンダード（内国株式）
9223,ＡＳＮＯＶＡ,サービス業,グロース（内国株式）
9225,ブリッジコンサルティンググループ,サービス業,グロース（内国株式）
9227,マイクロ波化学,サービス業,グロース（内国株式）
9229,サンウェルズ,サービス業,プライム（内国株式）
9233,アジア航測,空運業,スタンダード（内国株式）
9235,売れるネット広告社グループ,サービス業,グロース（内国株式）
9236,ジャパンＭ＆Ａソリューション,サービス業,グロース（内国株式）
9237,笑美面,サービス業,グロース（内国株式）
9238,バリュークリエーション,サービス業,グロース（内国株式）
9240,デリバリーコンサルティング,サービス業,グロース（内国株式）
9241,フューチャーリンクネットワーク,サービス業,グロース（内国株式）
9242,メディア総研,サービス業,グロース（内国株式）
9244,デジタリフト,サービス業,グロース（内国株式）
9245,リベロ,サービス業,グロース（内国株式）
9246,プロジェクトホールディングス,サービス業,グロース（内国株式）
9247,ＴＲＥホールディングス,サービス業,プライム（内国株式）
9248,人・夢・技術グループ,サービス業,スタンダード（内国株式）
9249,日本エコシステム,サービス業,スタンダード（内国株式）
9250,ＧＲＣＳ,サービス業,グロース（内国株式）
9251,ＡＢ＆Ｃｏｍｐａｎｙ,サービス業,グロース（内国株式）
9252,ラストワンマイル,サービス業,グロース（内国株式）
9253,スローガン,サービス業,グロース（内国株式）
9254,ラバブルマーケティンググループ,サービス業,グロース（内国株式）
9256,サクシード,サービス業,グロース（内国株式）
9258,ＣＳ－Ｃ,サービス業,グロース（内国株式）
9259,タカヨシホールディングス,サービス業,グロース（内国株式）
9262,シルバーライフ,小売業,スタンダード（内国株式）
9264,ポエック,卸売業,スタンダード（内国株式）
9265,ヤマシタヘルスケアホールディングス,卸売業,スタンダード（内国株式）
9267,Ｇｅｎｋｙ　ＤｒｕｇＳｔｏｒｅｓ,小売業,プライム（内国株式）
9268,オプティマスグループ,卸売業,スタンダード（内国株式）
9270,バリュエンスホールディングス,卸売業,グロース（内国株式）
9271,和心,小売業,グロース（内国株式）
9272,ブティックス,サービス業,グロース（内国株式）
9273,コーア商事ホールディングス,卸売業,プライム（内国株式）
9274,ＫＰＰグループホールディングス,卸売業,プライム（内国株式）
9278,ブックオフグループホールディングス,小売業,プライム（内国株式）
9279,ギフトホールディングス,小売業,プライム（内国株式）
9301,三菱倉庫,倉庫・運輸関連業,プライム（内国株式）
9302,三井倉庫ホールディングス,倉庫・運輸関連業,プライム（内国株式）
9303,住友倉庫,倉庫・運輸関連業,プライム（内国株式）
9304,澁澤倉庫,倉庫・運輸関連業,プライム（内国株式）
9305,ヤマタネ,卸売業,プライム（内国株式）
9306,東陽倉庫,倉庫・運輸関連業,スタンダード（内国株式）
9307,杉村倉庫,倉庫・運輸関連業,スタンダード（内国株式）
9308,乾汽船,海運業,スタンダード（内国株式）
9310,日本トランスシティ,倉庫・運輸関連業,プライム（内国株式）
9311,アサガミ,倉庫・運輸関連業,スタンダード（内国株式）
9312,ケイヒン,倉庫・運輸関連業,スタンダード（内国株式）
9313,丸八倉庫,倉庫・運輸関連業,スタンダード（内国株式）
9319,中央倉庫,倉庫・運輸関連業,プライム（内国株式）
9322,川西倉庫,倉庫・運輸関連業,スタンダード（内国株式）
9324,安田倉庫,倉庫・運輸関連業,プライム（内国株式）
9325,ファイズホールディングス,倉庫・運輸関連業,スタンダード（内国株式）
9326,関通ホールディングス,倉庫・運輸関連業,グロース（内国株式）
9327,イー・ロジット,倉庫・運輸関連業,スタンダード（内国株式）
9330,揚羽,サービス業,グロース（内国株式）
9331,キャスター,サービス業,グロース（内国株式）
9332,ＮＩＳＳＯホールディングス,サービス業,プライム（内国株式）
9336,大栄環境,サービス業,プライム（内国株式）
9337,トリドリ,サービス業,グロース（内国株式）
9339,コーチ・エィ,サービス業,スタンダード（内国株式）
9340,アソインターナショナル,サービス業,スタンダード（内国株式）
9341,ＧＥＮＯＶＡ,サービス業,プライム（内国株式）
9342,スマサポ,サービス業,グロース（内国株式）
9343,アイビス,サービス業,グロース（内国株式）
9344,アクシスコンサルティング,サービス業,グロース（内国株式）
9345,ビズメイツ,サービス業,グロース（内国株式）
9346,ココルポート,サービス業,グロース（内国株式）
9347,日本管財ホールディングス,サービス業,プライム（内国株式）
9348,ｉｓｐａｃｅ,サービス業,グロース（内国株式）
9351,東洋埠頭,倉庫・運輸関連業,スタンダード（内国株式）
9353,櫻島埠頭,倉庫・運輸関連業,スタンダード（内国株式）
9355,リンコーコーポレーション,倉庫・運輸関連業,スタンダード（内国株式）
9360,鈴与シンワート,情報・通信業,スタンダード（内国株式）
9361,伏木海陸運送,倉庫・運輸関連業,スタンダード（内国株式）
9362,兵機海運,倉庫・運輸関連業,スタンダード（内国株式）
9363,大運,倉庫・運輸関連業,スタンダード（内国株式）
9364,上組,倉庫・運輸関連業,プライム（内国株式）
9365,トレーディア,倉庫・運輸関連業,スタンダード（内国株式）
9366,サンリツ,倉庫・運輸関連業,スタンダード（内国株式）
9367,大東港運,倉庫・運輸関連業,スタンダード（内国株式）
9368,キムラユニティー,倉庫・運輸関連業,スタンダード（内国株式）
9369,キユーソー流通システム,倉庫・運輸関連業,スタンダード（内国株式）
9376,ユーラシア旅行社,サービス業,スタンダード（内国株式）
9380,東海運,倉庫・運輸関連業,スタンダード（内国株式）
9381,エーアイテイー,倉庫・運輸関連業,プライム（内国株式）
9385,ショーエイコーポレーション,化学,スタンダード（内国株式）
9401,ＴＢＳホールディングス,情報・通信業,プライム（内国株式）
9404,日本テレビホールディングス,情報・通信業,プライム（内国株式）
9405,朝日放送グループホールディングス,情報・通信業,プライム（内国株式）
9408,ＢＳＮメディアホールディングス,情報・通信業,スタンダード（内国株式）
9409,テレビ朝日ホールディングス,情報・通信業,プライム（内国株式）
9412,スカパーＪＳＡＴ,情報・通信業,プライム（内国株式）
9413,テレビ東京ホールディングス,情報・通信業,プライム（内国株式）
9414,日本ＢＳ放送,情報・通信業,スタンダード（内国株式）
9416,ビジョン,情報・通信業,プライム（内国株式）
9417,スマートバリュー,情報・通信業,スタンダード（内国株式）
9418,Ｕ－ＮＥＸＴ　ＨＯＬＤＩＮＧＳ,情報・通信業,プライム（内国株式）
9419,ワイヤレスゲート,情報・通信業,スタンダード（内国株式）
9421,エヌジェイホールディングス,情報・通信業,スタンダード（内国株式）
9423,フォーバル・リアルストレート,情報・通信業,スタンダード（内国株式）
9424,日本通信,情報・通信業,プライム（内国株式）
9425,ＲｅＹｕｕ　Ｊａｐａｎ,情報・通信業,スタンダード（内国株式）
9428,クロップス,情報・通信業,スタンダード（内国株式）
9432,ＮＴＴ,情報・通信業,プライム（内国株式）
9433,ＫＤＤＩ,情報・通信業,プライム（内国株式）
9434,ソフトバンク,情報・通信業,プライム（内国株式）
94345,ソフトバンク第１回社債型種類株式,情報・通信業,プライム（内国株式）
94346,ソフトバンク第２回社債型種類株式,情報・通信業,プライム（内国株式）
9435,光通信,情報・通信業,プライム（内国株式）
9436,沖縄セルラー電話,情報・通信業,スタンダード（内国株式）
9438,エムティーアイ,情報・通信業,プライム（内国株式）
9439,エム・エイチ・グループ,サービス業,スタンダード（内国株式）
9441,ベルパーク,情報・通信業,スタンダード（内国株式）
9444,トーシンホールディングス,情報・通信業,スタンダード（内国株式）
9445,フォーバルテレコム,情報・通信業,スタンダード（内国株式）
9446,サカイホールディングス,情報・通信業,スタンダード（内国株式）
9449,ＧＭＯインターネットグループ,情報・通信業,プライム（内国株式）
9450,ファイバーゲート,情報・通信業,スタンダード（内国株式）
9466,アイドママーケティングコミュニケーション,情報・通信業,スタンダード（内国株式）
9467,アルファポリス,情報・通信業,グロース（内国株式）
9468,ＫＡＤＯＫＡＷＡ,情報・通信業,プライム（内国株式）
9470,学研ホールディングス,情報・通信業,プライム（内国株式）
9474,ゼンリン,情報・通信業,プライム（内国株式）
9475,昭文社ホールディングス,情報・通信業,スタンダード（内国株式）
9476,中央経済社ホールディングス,情報・通信業,スタンダード（内国株式）
9478,ＳＥホールディングス・アンド・インキュベーションズ,情報・通信業,スタンダード（内国株式）
9501,東京電力ホールディングス,電気・ガス業,プライム（内国株式）
9502,中部電力,電気・ガス業,プライム（内国株式）
9503,関西電力,電気・ガス業,プライム（内国株式）
9504,中国電力,電気・ガス業,プライム（内国株式）
9505,北陸電力,電気・ガス業,プライム（内国株式）
9506,東北電力,電気・ガス業,プライム（内国株式）
9507,四国電力,電気・ガス業,プライム（内国株式）
9508,九州電力,電気・ガス業,プライム（内国株式）
9509,北海道電力,電気・ガス業,プライム（内国株式）
9511,沖縄電力,電気・ガス業,プライム（内国株式）
9513,電源開発,電気・ガス業,プライム（内国株式）
9514,エフオン,電気・ガス業,スタンダード（内国株式）
9517,イーレックス,電気・ガス業,プライム（内国株式）
9519,レノバ,電気・ガス業,プライム（内国株式）
9531,東京瓦斯,電気・ガス業,プライム（内国株式）
9532,大阪瓦斯,電気・ガス業,プライム（内国株式）
9533,東邦瓦斯,電気・ガス業,プライム（内国株式）
9534,北海道瓦斯,電気・ガス業,プライム（内国株式）
9535,広島ガス,電気・ガス業,プライム（内国株式）
9536,西部ガスホールディングス,電気・ガス業,プライム（内国株式）
9537,北陸瓦斯,電気・ガス業,スタンダード（内国株式）
9539,京葉瓦斯,電気・ガス業,スタンダード（内国株式）
9543,静岡ガス,電気・ガス業,プライム（内国株式）
9551,メタウォーター,電気・ガス業,プライム（内国株式）
9552,クオンツ総研ホールディングス,サービス業,プライム（内国株式）
9553,マイクロアド,サービス業,グロース（内国株式）
9554,ＡＶｉＣ,サービス業,グロース（内国株式）
9556,ＩＮＴＬＯＯＰ,サービス業,グロース（内国株式）
9557,エアークローゼット,サービス業,グロース（内国株式）
9558,ジャパニアス,サービス業,グロース（内国株式）
9560,プログリット,サービス業,グロース（内国株式）
9561,グラッドキューブ,サービス業,グロース（内国株式）
9562,ビジネスコーチ,サービス業,グロース（内国株式）
9563,Ａｔｌａｓ　Ｔｅｃｈｎｏｌｏｇｉｅｓ,サービス業,グロース（内国株式）
9564,ＦＣＥ,サービス業,スタンダード（内国株式）
9565,ＧＬＯＥ,サービス業,グロース（内国株式）
9601,松竹,情報・通信業,プライム（内国株式）
9602,東宝,情報・通信業,プライム（内国株式）
9603,エイチ・アイ・エス,サービス業,プライム（内国株式）
9605,東映,情報・通信業,プライム（内国株式）
9610,ウィルソン・ラーニング　ワールドワイド,サービス業,スタンダード（内国株式）
9612,ラックランド,サービス業,プライム（内国株式）
9616,共立メンテナンス,サービス業,プライム（内国株式）
9619,イチネンホールディングス,サービス業,プライム（内国株式）
9621,建設技術研究所,サービス業,プライム（内国株式）
9622,スペース,サービス業,プライム（内国株式）
9625,セレスポ,サービス業,スタンダード（内国株式）
9627,アインホールディングス,小売業,プライム（内国株式）
9628,燦ホールディングス,サービス業,プライム（内国株式）
9629,ピー・シー・エー,情報・通信業,プライム（内国株式）
9632,スバル興業,サービス業,スタンダード（内国株式）
9633,東京テアトル,不動産業,スタンダード（内国株式）
9635,武蔵野興業,サービス業,スタンダード（内国株式）
9636,きんえい,サービス業,スタンダード（内国株式）
9639,三協フロンテア,サービス業,スタンダード（内国株式）
9640,セゾンテクノロジー,情報・通信業,スタンダード（内国株式）
9644,タナベコンサルティンググループ,サービス業,プライム（内国株式）
9647,協和コンサルタンツ,サービス業,スタンダード（内国株式）
9651,日本プロセス,情報・通信業,スタンダード（内国株式）
9656,グリーンランドリゾート,サービス業,スタンダード（内国株式）
9658,ビジネスブレイン太田昭和,情報・通信業,プライム（内国株式）
9661,歌舞伎座,サービス業,スタンダード（内国株式）
9663,ナガワ,サービス業,プライム（内国株式）
9672,東京都競馬,サービス業,プライム（内国株式）
9678,カナモト,サービス業,プライム（内国株式）
9679,ホウライ,サービス業,スタンダード（内国株式）
9682,ＤＴＳ,情報・通信業,プライム（内国株式）
9684,スクウェア・エニックス・ホールディングス,情報・通信業,プライム（内国株式）
9685,ＫＹＣＯＭホールディングス,情報・通信業,スタンダード（内国株式）
9686,東洋テック,サービス業,スタンダード（内国株式）
9687,ＫＳＫ,情報・通信業,スタンダード（内国株式）
9691,両毛システムズ,情報・通信業,スタンダード（内国株式）
9692,シーイーシー,情報・通信業,プライム（内国株式）
9697,カプコン,情報・通信業,プライム（内国株式）
9698,クレオ,情報・通信業,スタンダード（内国株式）
9699,ニシオホールディングス,サービス業,プライム（内国株式）
9701,東京會舘,サービス業,スタンダード（内国株式）
9702,アイ・エス・ビー,情報・通信業,プライム（内国株式）
9704,アゴーラ　ホスピタリティー　グループ,サービス業,スタンダード（内国株式）
9706,日本空港ビルデング,不動産業,プライム（内国株式）
9708,帝国ホテル,サービス業,スタンダード（内国株式）
9709,ＮＣＳ＆Ａ,情報・通信業,スタンダード（内国株式）
9713,ロイヤルホテル,サービス業,スタンダード（内国株式）
9715,トランス・コスモス,サービス業,プライム（内国株式）
9716,乃村工藝社,サービス業,プライム（内国株式）
9720,ホテル、ニューグランド,サービス業,スタンダード（内国株式）
9722,藤田観光,サービス業,プライム（内国株式）
9723,京都ホテル,サービス業,スタンダード（内国株式）
9726,ＫＮＴ－ＣＴホールディングス,サービス業,スタンダード（内国株式）
9729,トーカイ,サービス業,プライム（内国株式）
9731,白洋舎,サービス業,スタンダード（内国株式）
9733,ナガセ,サービス業,スタンダード（内国株式）
9735,セコム,サービス業,プライム（内国株式）
9739,ＮＳＷ,情報・通信業,プライム（内国株式）
9740,セントラル警備保障,サービス業,プライム（内国株式）
9742,アイネス,情報・通信業,プライム（内国株式）
9743,丹青社,サービス業,プライム（内国株式）
9744,メイテックグループホールディングス,サービス業,プライム（内国株式）
9746,ＴＫＣ,情報・通信業,プライム（内国株式）
9753,アイエックス・ナレッジ,情報・通信業,スタンダード（内国株式）
9755,応用地質,サービス業,プライム（内国株式）
9757,船井総研ホールディングス,サービス業,プライム（内国株式）
9759,ＮＳＤ,情報・通信業,プライム（内国株式）
9760,進学会ホールディングス,サービス業,スタンダード（内国株式）
9761,東海リース,サービス業,スタンダード（内国株式）
9763,丸建リース,卸売業,スタンダード（内国株式）
9765,オオバ,サービス業,プライム（内国株式）
9766,コナミグループ,情報・通信業,プライム（内国株式）
9767,日建工学,サービス業,スタンダード（内国株式）
9768,いであ,サービス業,スタンダード（内国株式）
9769,学究社,サービス業,プライム（内国株式）
9778,昴,サービス業,スタンダード（内国株式）
9780,ハリマビステム,サービス業,スタンダード（内国株式）
9782,ディーエムエス,サービス業,スタンダード（内国株式）
9788,ナック,サービス業,プライム（内国株式）
9790,福井コンピュータホールディングス,情報・通信業,プライム（内国株式）
9791,ビケンテクノ,サービス業,スタンダード（内国株式）
9793,ダイセキ,サービス業,プライム（内国株式）
9795,ステップ,サービス業,プライム（内国株式）
9799,旭情報サービス,情報・通信業,スタンダード（内国株式）
9812,テーオーホールディングス,小売業,スタンダード（内国株式）
9816,ストライダーズ,不動産業,スタンダード（内国株式）
9818,大丸エナウィン,卸売業,スタンダード（内国株式）
9820,エムティジェネックス,不動産業,スタンダード（内国株式）
9823,マミーマートホールディングス,小売業,スタンダード（内国株式）
9824,泉州電業,卸売業,プライム（内国株式）
9827,リリカラ,卸売業,スタンダード（内国株式）
9828,Ｇｅｎｋｉ　Ｇｌｏｂａｌ　Ｄｉｎｉｎｇ　Ｃｏｎｃｅｐｔｓ,小売業,スタンダード（内国株式）
9830,トラスコ中山,卸売業,プライム（内国株式）
9831,ヤマダホールディングス,小売業,プライム（内国株式）
9832,オートバックスセブン,卸売業,プライム（内国株式）
9835,ジュンテンドー,小売業,スタンダード（内国株式）
9837,モリト,卸売業,プライム（内国株式）
9842,アークランズ,小売業,プライム（内国株式）
9843,ニトリホールディングス,小売業,プライム（内国株式）
9845,パーカーコーポレーション,化学,スタンダード（内国株式）
9846,天満屋ストア,小売業,スタンダード（内国株式）
9849,共同紙販ホールディングス,卸売業,スタンダード（内国株式）
9850,グルメ杵屋,小売業,プライム（内国株式）
9853,銀座ルノアール,小売業,スタンダード（内国株式）
9854,愛眼,小売業,スタンダード（内国株式）
9856,ケーユーホールディングス,小売業,スタンダード（内国株式）
9857,英和,卸売業,スタンダード（内国株式）
9861,吉野家ホールディングス,小売業,プライム（内国株式）
9867,ソレキア,卸売業,スタンダード（内国株式）
9869,加藤産業,卸売業,プライム（内国株式）
9872,北恵,卸売業,スタンダード（内国株式）
9876,コックス,小売業,スタンダード（内国株式）
9878,セキド,小売業,スタンダード（内国株式）
9880,イノテック,電気機器,プライム（内国株式）
9882,イエローハット,卸売業,プライム（内国株式）
9885,シャルレ,卸売業,スタンダード（内国株式）
9887,松屋フーズホールディングス,小売業,プライム（内国株式）
9888,ＵＥＸ,卸売業,スタンダード（内国株式）
9889,ＪＢＣＣホールディングス,情報・通信業,プライム（内国株式）
9890,マキヤ,小売業,スタンダード（内国株式）
9895,コンセック,卸売業,スタンダード（内国株式）
9896,ＪＫホールディングス,卸売業,スタンダード（内国株式）
9900,サガミホールディングス,小売業,プライム（内国株式）
9902,日伝,卸売業,プライム（内国株式）
9903,カンセキ,小売業,スタンダード（内国株式）
9904,ベリテ,小売業,スタンダード（内国株式）
9906,藤井産業,卸売業,スタンダード（内国株式）
9908,日本電計,卸売業,スタンダード（内国株式）
9913,日邦産業,卸売業,スタンダード（内国株式）
9914,植松商会,卸売業,スタンダード（内国株式）
9928,ミロク情報サービス,情報・通信業,プライム（内国株式）
9929,平和紙業,卸売業,スタンダード（内国株式）
9930,北沢産業,卸売業,スタンダード（内国株式）
9932,杉本商事,卸売業,プライム（内国株式）
9934,因幡電機産業,卸売業,プライム（内国株式）
9936,王将フードサービス,小売業,プライム（内国株式）
9941,太洋物産,卸売業,スタンダード（内国株式）
9946,ミニストップ,小売業,プライム（内国株式）
9948,アークス,小売業,プライム（内国株式）
9950,ハチバン,小売業,スタンダード（内国株式）
9955,ヨンキュウ,卸売業,スタンダード（内国株式）
9956,バローホールディングス,小売業,プライム（内国株式）
9959,アシードホールディングス,小売業,スタンダード（内国株式）
9960,東テク,卸売業,プライム（内国株式）
9962,ミスミグループ本社,卸売業,プライム（内国株式）
9969,ショクブン,小売業,スタンダード（内国株式）
9972,アルテック,卸売業,スタンダード（内国株式）
9973,ＫＯＺＯホールディングス,小売業,スタンダード（内国株式）
9974,ベルク,小売業,プライム（内国株式）
9976,セキチュー,小売業,スタンダード（内国株式）
9978,文教堂グループホールディングス,小売業,スタンダード（内国株式）
9979,大庄,小売業,スタンダード（内国株式）
9980,ＭＲＫホールディングス,小売業,スタンダード（内国株式）
9982,タキヒヨー,卸売業,スタンダード（内国株式）
9983,ファーストリテイリング,小売業,プライム（内国株式）
9984,ソフトバンクグループ,情報・通信業,プライム（内国株式）
9986,蔵王産業,卸売業,スタンダード（内国株式）
9987,スズケン,卸売業,プライム（内国株式）
9989,サンドラッグ,小売業,プライム（内国株式）
9990,サックスバー　ホールディングス,小売業,プライム（内国株式）
9991,ジェコス,卸売業,プライム（内国株式）
9993,ヤマザワ,小売業,スタンダード（内国株式）
9994,やまや,小売業,スタンダード（内国株式）
9996,サトー商会,卸売業,スタンダード（内国株式）
9997,ベルーナ,小売業,プライム（内国株式）
